name,materialRef,seriesName,season,episodeNumber,projectType,startDate,deadline,writtenAt,mixedAt,deliveredAt,mixStatus,status,deliveryStatus,vsStatus,pageCount,durationMin,redacteurId,techSonId,broadcastChannel,isMixed,isWritten,isDelivered,isNarrated,isAINarrator,workflowStep,language,totalEpisodes
foliesdegraduation-0_m9255a_2026-4-17_prise2_31353012,m9255a,foliesdegraduation,,,FILM,2026-03-18,2026-04-17,2026-04-15,2026-04-16,2026-04-16,FAIT,FAIT,PAS_ENCORE,AI,21,95.52,user001,user003,prise2,True,True,False,True,True,DISPATCH,fr,0
foliesdegraduation2-0_m9229a_2026-4-17_prise2_31644819,m9229a,foliesdegraduation2,,,FILM,2026-03-27,2026-04-17,2026-04-15,2026-04-16,2026-04-17,FAIT,FAIT,PAS_ENCORE,AI,24,99.63,user001,user011,prise2,True,True,False,True,True,DISPATCH,fr,0
monheroine-0_m9001a_2026-4-12_tva_29344374,m9001a,monheroine,,,FILM,2026-04-08,2026-04-12,2026-04-10,2026-04-13,2026-04-13,FAIT,FAIT,PAS_ENCORE,AI,78,110.15,user002,user011,tva,True,True,False,True,True,DISPATCH,fr,0
magnum2018-1_i8114-e76440_2026-5-27_addik_10150055,e76440,magnum2018,,,SERIE_EMISSION,2026-03-16,2026-05-27,2026-04-07,2026-04-07,2026-04-08,FAIT,FAIT,PAS_ENCORE,AI,9,41.85,user007,user010,addik,True,True,False,True,True,DISPATCH,fr,0
lepreuveducourage-0_m9277a_2026-4-19_temoin_31605917,m9277a,lepreuveducourage,,,FILM,2026-03-26,2026-04-19,2026-04-14,2026-04-15,2026-04-16,FAIT,FAIT,PAS_ENCORE,AI,33,122.77,user001,user010,temoin,True,True,False,True,True,DISPATCH,fr,0
turnerethooch-1_107-g05003_2026-4-8_addik_31610915,g05003,turnerethooch,1,107,SERIE_EMISSION,2026-03-18,2026-04-08,2026-04-03,2026-04-03,2026-04-03,FAIT,FAIT,PAS_ENCORE,AI,10,49.43,user002,user011,addik,True,True,False,True,True,DISPATCH,fr,0
lappat2010-0_m9268a_2026-4-11_prise2_31376354,m9268a,lappat2010,,,FILM,2026-03-18,2026-04-11,2026-04-06,2026-04-06,2026-04-06,FAIT,FAIT,PAS_ENCORE,AI,27,84.42,user002,user011,prise2,True,True,False,True,True,DISPATCH,fr,0
hatchprotectionrapprochee-0_m9270a_2026-4-13_tva_31421094,m9270a,hatchprotectionrapprochee,,,FILM,2026-03-18,2026-04-13,2026-04-07,2026-04-07,2026-04-08,FAIT,FAIT,PAS_ENCORE,AI,29,116.93,user002,user011,tva,True,True,False,True,True,DISPATCH,fr,0
supermanetlois-4_t1324408-g03913_2026-4-13_addik_30665272,g03913,supermanetlois,,,SERIE_EMISSION,2026-03-18,2026-04-13,2026-04-01,2026-04-01,2026-04-02,FAIT,FAIT,PAS_ENCORE,AI,30,48.87,user008,user011,addik,True,True,False,True,True,DISPATCH,fr,0
turnerethooch-1_108-g05004_2026-4-15_addik_31611395,g05004,turnerethooch,1,108,SERIE_EMISSION,2026-03-18,2026-04-15,2026-04-02,2026-04-02,2026-04-02,FAIT,FAIT,PAS_ENCORE,AI,11,50.48,user008,user003,addik,True,True,False,True,True,DISPATCH,fr,0
coupfumant-0_m9278a_2026-5-22_addik_31619226,m9278a,coupfumant,,,FILM,2026-03-26,2026-04-19,2026-04-18,2026-04-18,,FAIT,FAIT,PAS_ENCORE,AI,19,111.85,user007,user003,addik,True,True,False,True,True,DISPATCH,fr,0
saintpierre-1_109-g04350_2026-4-23_addik_31606118,g04350,saintpierre,1,109,SERIE_EMISSION,2026-03-17,2026-04-23,2026-04-08,2026-04-08,2026-04-08,FAIT,FAIT,PAS_ENCORE,AI,9,47.85,user001,user011,addik,True,True,False,True,True,DISPATCH,fr,0
lappat-0_m9282a_2026-4-24_evasion_31624807,m9282a,lappat,,,FILM,2026-03-25,2026-04-24,,,,PAS_ENCORE,PAS_ENCORE,PAS_ENCORE,,0,93.67,user002,,evasion,False,False,False,False,False,DISPATCH,fr,0
mauvaisgarconsalaviealamort-0_m9281a_2026-4-25_tva_31619620,m9281a,mauvaisgarconsalaviealamort,,,FILM,2026-04-10,2026-04-25,,,,PAS_ENCORE,PAS_ENCORE,PAS_ENCORE,,0,119.12,user007,,tva,False,False,False,False,False,DISPATCH,fr,0
mobland-1_106-g04022_2026-4-30_addik_30691493,g04022,mobland,1,106,SERIE_EMISSION,2026-03-18,2026-04-30,2026-04-02,2026-04-02,2026-04-02,FAIT,FAIT,PAS_ENCORE,AI,8,44.42,user006,user003,addik,True,True,False,True,True,DISPATCH,fr,0
mobland-1_107-g04023_2026-5-7_addik_30691508,g04023,mobland,1,107,SERIE_EMISSION,2026-03-18,2026-05-07,2026-04-02,2026-04-02,2026-04-02,FAIT,FAIT,PAS_ENCORE,AI,7,42.58,user006,user003,addik,True,True,False,True,True,DISPATCH,fr,0
lescoulissesdelamort-0_m9257a_2026-4-3_prise2_31604674,m9257a,lescoulissesdelamort,,,FILM,2026-03-23,2026-04-03,2026-04-03,2026-04-03,2026-04-03,FAIT,FAIT,PAS_ENCORE,AI,20,110.13,user006,user003,prise2,True,True,False,True,True,DISPATCH,fr,0
thebaker-0_m9276a_2026-4-10_addik_31605888,m9276a,thebaker,,,FILM,2026-03-23,2026-04-10,2026-04-07,2026-04-08,2026-04-08,FAIT,FAIT,PAS_ENCORE,AI,39,104.8,user008,user010,addik,True,True,False,True,True,DISPATCH,fr,0
traqueursdelite-1_8dw05-g05458_2026-4-16_addik_31359285,g05458,traqueursdelite,1,8dw05,SERIE_EMISSION,2026-03-19,2026-04-16,2026-04-02,2026-04-02,2026-04-02,FAIT,FAIT,PAS_ENCORE,AI,17,46.3,user008,user010,addik,True,True,False,True,True,DISPATCH,fr,0
salledecoute-film_film-m8877a_2026-4-18_tva_27302856,m8877a,salledecoute,,,SERIE_EMISSION,2026-03-24,2026-04-18,2026-04-13,2026-04-13,2026-04-13,FAIT,FAIT,PAS_ENCORE,AI,25,97.62,user002,user003,tva,True,True,False,True,True,DISPATCH,fr,0
air-0_m7001a_2026-4-3_addik_20032603,m7001a,air,,,FILM,2026-03-26,2026-04-03,2026-04-02,2026-04-02,2026-04-02,FAIT,FAIT,PAS_ENCORE,AI,25,112.27,user002,user003,addik,True,True,False,True,True,DISPATCH,fr,0
lesensdelhumour-0_m9256a_2026-4-26_prise2_31376597,m9256a,lesensdelhumour,,,FILM,2026-03-18,2026-04-26,,,,PAS_ENCORE,PAS_ENCORE,PAS_ENCORE,,0,110.18,user008,,prise2,False,False,False,False,False,DISPATCH,fr,0
jourdepaye-0_m9279a_2026-5-6_addik_31622381,m9279a,jourdepaye,,,FILM,2026-03-27,2026-04-26,,,,PAS_ENCORE,PAS_ENCORE,PAS_ENCORE,,0,96.73,user008,,addik,False,False,False,False,False,DISPATCH,fr,0
911centredecrise-1_114-g05215_2026-4-28_temoin_31567777,g05215,911centredecrise,1,114,SERIE_EMISSION,2026-03-09,2026-04-28,,,,PAS_ENCORE,PAS_ENCORE,PAS_ENCORE,,0,22.7,user007,,temoin,False,False,False,False,False,DISPATCH,fr,0
traqueursdelite-1_8dw08-g05461_2026-5-7_addik_31359497,g05461,traqueursdelite,1,8dw08,SERIE_EMISSION,2026-03-19,2026-05-07,2026-04-02,2026-04-02,2026-04-02,FAIT,FAIT,PAS_ENCORE,AI,7,45.5,user006,user010,addik,True,True,False,True,True,DISPATCH,fr,0
provenances-2_15-g04498_2026-4-21_addik_31048166,g04498,provenances,2,15,SERIE_EMISSION,2026-03-23,2026-04-21,2026-04-09,2026-04-10,2026-04-10,FAIT,FAIT,PAS_ENCORE,AI,11,53.6,user007,user010,addik,True,True,False,True,True,DISPATCH,fr,0
michelbarrettedroledejournee-0_g05353_2026-4-23_prise2_31605871,g05353,michelbarrettedroledejournee,,,FILM,2026-03-27,2026-04-23,2026-04-02,2026-04-02,2026-04-02,FAIT,FAIT,PAS_ENCORE,AI,6,46.15,user002,user011,prise2,True,True,False,True,True,DISPATCH,fr,0
larecrue-7_5-g04328_2026-4-29_tva_30958657,g04328,larecrue,7,5,SERIE_EMISSION,2026-03-18,2026-04-29,,,,PAS_ENCORE,PAS_ENCORE,PAS_ENCORE,,0,43.08,user002,,tva,False,False,False,False,False,DISPATCH,fr,0
macketritav2-0_m8878a_2026-4-26_tva_27598185,m8878a,macketritav2,,,FILM,2026-03-27,2026-04-26,2026-04-05,2026-04-06,2026-04-06,FAIT,FAIT,PAS_ENCORE,AI,11,95.5,user006,user003,tva,True,True,False,True,True,DISPATCH,fr,0
magicmikedernieredanse-0_m9062a_2026-5-1_tva_29786579,m9062a,magicmikedernieredanse,,,FILM,2026-03-31,2026-05-01,2026-04-16,2026-04-17,2026-04-17,FAIT,FAIT,PAS_ENCORE,AI,21,112.72,user006,user011,tva,True,True,False,True,True,DISPATCH,fr,0
hisper5legrandouragan-0_m8780a_2026-5-2_tva_29163298,m8780a,hisper5legrandouragan,,,FILM,2026-03-26,2026-05-02,,,,PAS_ENCORE,PAS_ENCORE,PAS_ENCORE,,0,110.68,user001,,tva,False,False,False,False,False,DISPATCH,fr,0
mesuresextremes-0_m9183a_2026-5-3_prise2_31165345,m9183a,mesuresextremes,,,FILM,2026-03-26,2026-05-03,2026-04-15,2026-04-16,2026-04-17,FAIT,FAIT,PAS_ENCORE,AI,22,118.52,user006,user011,prise2,True,True,False,True,True,DISPATCH,fr,0
etailleur-0_m9106a_2026-5-9_tva_30217724,m9106a,etailleur,,,FILM,2026-03-26,2026-05-09,2026-04-13,2026-04-14,2026-04-13,FAIT,FAIT,PAS_ENCORE,AI,17,107.4,user007,user010,tva,True,True,False,True,True,DISPATCH,fr,0
larecrue-7_6-g04329_2026-5-6_tva_30959333,g04329,larecrue,7,6,SERIE_EMISSION,2026-03-23,2026-05-06,2026-04-14,2026-04-15,2026-04-15,FAIT,FAIT,PAS_ENCORE,AI,10,43.58,user008,user010,tva,True,True,False,True,True,DISPATCH,fr,0
provenances-2_18-g04501_2026-5-12_addik_31048432,g04501,provenances,2,18,SERIE_EMISSION,2026-03-23,2026-05-12,2026-04-08,2026-04-08,2026-04-08,FAIT,FAIT,PAS_ENCORE,AI,8,46.12,user007,user010,addik,True,True,False,True,True,DISPATCH,fr,0
laloietlordre-24_8fp01-g05893_2026-5-7_temoin_31707978,g05893,laloietlordre,24,8fp01,SERIE_EMISSION,2026-04-09,2026-05-07,2026-04-14,2026-04-14,2026-04-14,FAIT,FAIT,PAS_ENCORE,AI,6,47.53,user006,user011,temoin,True,True,False,True,True,DISPATCH,fr,0
batiraveclesbaeumler-1_2-g05945_2026-5-14_casa_31645934,g05945,batiraveclesbaeumler,1,2,SERIE_EMISSION,2026-03-25,2026-05-14,2026-04-01,2026-04-01,2026-04-01,FAIT,FAIT,PAS_ENCORE,AI,7,45.23,user001,user010,casa,True,True,False,True,True,DISPATCH,fr,0
traqueursdelite-1_8dw09-g05462_2026-5-14_addik_31359527,g05462,traqueursdelite,1,8dw09,SERIE_EMISSION,2026-03-19,2026-05-14,2026-04-05,2026-04-06,2026-04-06,FAIT,FAIT,PAS_ENCORE,AI,7,46.77,user006,user003,addik,True,True,False,True,True,DISPATCH,fr,0
lalunedemiel-0_m8954a_2026-5-10_tva_28714129,m8954a,lalunedemiel,,,FILM,2026-03-26,2026-05-10,2026-04-16,2026-04-17,2026-04-17,FAIT,FAIT,PAS_ENCORE,AI,22,111.07,user002,user003,tva,True,True,False,True,True,DISPATCH,fr,0
provenances-2_19-g04502_2026-5-19_addik_31048531,g04502,provenances,2,19,SERIE_EMISSION,2026-03-23,2026-05-19,2026-04-07,2026-04-07,2026-04-08,FAIT,FAIT,PAS_ENCORE,AI,8,47.17,user007,user003,addik,True,True,False,True,True,DISPATCH,fr,0
larecrue-7_4-g04327_2026-4-22_tva_30958276,g04327,larecrue,7,4,SERIE_EMISSION,2026-03-18,2026-04-22,2026-04-02,2026-04-06,2026-04-06,FAIT,FAIT,PAS_ENCORE,AI,13,43.53,user001,user010,tva,True,True,False,True,True,DISPATCH,fr,0
larecrue-7_8-g04331_2026-5-20_tva_30960141,g04331,larecrue,7,8,SERIE_EMISSION,2026-03-23,2026-05-20,2026-04-02,2026-04-06,2026-04-06,FAIT,FAIT,PAS_ENCORE,AI,13,42.45,user001,user010,tva,True,True,False,True,True,DISPATCH,fr,0
traqueursdelite-1_8dw10-g05463_2026-5-21_addik_31359546,g05463,traqueursdelite,1,8dw10,SERIE_EMISSION,2026-03-19,2026-05-21,2026-04-01,2026-04-01,2026-04-01,FAIT,FAIT,PAS_ENCORE,AI,11,47.37,user002,user011,addik,True,True,False,True,True,DISPATCH,fr,0
joshgatestraqueurdemysteres-4_414-e77539_2026-5-11_evasion_20091053,e77539,joshgatestraqueurdemysteres,4,414,SERIE_EMISSION,2026-04-08,2026-05-11,2026-04-14,2026-04-14,2026-04-14,FAIT,FAIT,PAS_ENCORE,AI,4,44.02,user006,user011,evasion,True,True,False,True,True,DISPATCH,fr,0
larecrue-7_7-g04330_2026-5-13_tva_30959776,g04330,larecrue,7,7,SERIE_EMISSION,2026-03-23,2026-05-13,,,,PAS_ENCORE,PAS_ENCORE,PAS_ENCORE,,0,43.58,user002,,tva,False,False,False,False,False,DISPATCH,fr,0
tuezvousetesfilme-2_203-g04899_2026-5-13_temoin_31162571,g04899,tuezvousetesfilme,2,203,SERIE_EMISSION,2026-03-31,2026-05-13,,,,PAS_ENCORE,PAS_ENCORE,PAS_ENCORE,,0,45.0,user001,,temoin,False,False,False,False,False,DISPATCH,fr,0
granturismo-0_m9056a_2026-5-16_tva_29988757,m9056a,granturismo,,,FILM,2026-03-27,2026-05-16,,,,PAS_ENCORE,PAS_ENCORE,PAS_ENCORE,,0,142.25,user007,,tva,False,False,False,False,False,DISPATCH,fr,0
inscriptionsmillionnairesla-14_1401-g06117_2026-5-26_casa_31663659,g06117,inscriptionsmillionnairesla,14,1401,SERIE_EMISSION,2026-03-27,2026-05-26,2026-04-01,2026-04-01,2026-04-02,FAIT,FAIT,PAS_ENCORE,AI,7,45.2,user001,user010,casa,True,True,False,True,True,DISPATCH,fr,0
provenances-2_20-g04503_2026-5-26_addik_31048632,g04503,provenances,2,20,SERIE_EMISSION,2026-03-23,2026-05-26,2026-04-09,2026-04-10,2026-04-10,FAIT,FAIT,PAS_ENCORE,AI,11,59.93,user007,user010,addik,True,True,False,True,True,DISPATCH,fr,0
larecrue-7_9-g04332_2026-5-27_tva_30960348,g04332,larecrue,7,9,SERIE_EMISSION,2026-03-23,2026-05-27,2026-04-06,2026-04-06,2026-04-06,FAIT,FAIT,PAS_ENCORE,AI,9,43.57,user001,user003,tva,True,True,False,True,True,DISPATCH,fr,0
locationsdereveausoleil-2_242-g06070_2026-5-27_casa_31626850,g06070,locationsdereveausoleil,2,242,SERIE_EMISSION,2026-03-25,2026-05-27,2026-04-01,2026-04-01,2026-04-01,FAIT,FAIT,PAS_ENCORE,AI,3,57.78,user001,user010,casa,True,True,False,True,True,DISPATCH,fr,0
larecrue-7_10-g04333_2026-6-3_tva_30960655,g04333,larecrue,7,10,SERIE_EMISSION,2026-03-23,2026-06-03,2026-04-06,2026-04-07,2026-04-08,FAIT,FAIT,PAS_ENCORE,AI,8,43.53,user001,user010,tva,True,True,False,True,True,DISPATCH,fr,0
tuezvousetesfilme-2_204-g04900_2026-5-20_temoin_31162796,g04900,tuezvousetesfilme,2,204,SERIE_EMISSION,2026-03-31,2026-05-20,2026-04-15,2026-04-17,2026-04-17,FAIT,FAIT,PAS_ENCORE,AI,32,45.03,user006,user011,temoin,True,True,False,True,True,DISPATCH,fr,0
lesameriques-1_vid06-g05976_2026-6-4_evasion_31620090,g05976,lesameriques,,,SERIE_EMISSION,2026-03-27,2026-06-04,2026-04-06,2026-04-06,2026-04-06,FAIT,FAIT,PAS_ENCORE,AI,7,44.45,user002,user011,evasion,True,True,False,True,True,DISPATCH,fr,0
lessaintscriminelsdenewark-0_m8735a_2026-5-23_tva_20979749,m8735a,lessaintscriminelsdenewark,,,FILM,2026-03-26,2026-05-23,,,,PAS_ENCORE,PAS_ENCORE,PAS_ENCORE,,0,122.3,user008,,tva,False,False,False,False,False,DISPATCH,fr,0
inscriptionsmillionnairesla-14_1403-g06119_2026-6-9_casa_31663746,g06119,inscriptionsmillionnairesla,14,1403,SERIE_EMISSION,2026-03-27,2026-06-09,2026-04-06,2026-04-06,2026-04-06,FAIT,FAIT,PAS_ENCORE,AI,5,45.2,user002,user011,casa,True,True,False,True,True,DISPATCH,fr,0
ledernierboyscout-0_m9225a_2026-5-23_prise2_31165497,m9225a,ledernierboyscout,,,FILM,2026-03-27,2026-05-23,,,,PAS_ENCORE,PAS_ENCORE,PAS_ENCORE,,0,105.85,user001,,prise2,False,False,False,False,False,DISPATCH,fr,0
locationsdereveausoleil-2_244-g06072_2026-6-10_casa_31627155,g06072,locationsdereveausoleil,2,244,SERIE_EMISSION,2026-03-25,2026-06-10,2026-04-06,2026-04-06,2026-04-06,FAIT,FAIT,PAS_ENCORE,AI,5,59.9,user008,user003,casa,True,True,False,True,True,DISPATCH,fr,0
lesameriques-1_vid03-g05977_2026-6-11_evasion_31620018,g05977,lesameriques,,,SERIE_EMISSION,2026-03-27,2026-06-11,2026-04-07,2026-04-07,2026-04-07,FAIT,FAIT,PAS_ENCORE,AI,12,43.47,user008,user003,evasion,True,True,False,True,True,DISPATCH,fr,0
lelotdudiable-1_3-g05163_2026-6-15_tva_31256623,g05163,lelotdudiable,1,3,SERIE_EMISSION,2026-03-23,2026-06-15,2026-04-03,2026-04-03,2026-04-03,FAIT,FAIT,PAS_ENCORE,AI,8,46.33,user008,user010,tva,True,True,False,True,True,DISPATCH,fr,0
provenances-2_16-g04499_2026-4-28_addik_31048326,g04499,provenances,2,16,SERIE_EMISSION,2026-03-23,2026-04-28,2026-04-01,2026-04-01,2026-04-01,FAIT,FAIT,PAS_ENCORE,AI,13,49.33,user001,user003,addik,True,True,False,True,True,DISPATCH,fr,0
locationsdereveausoleil-2_245-g06073_2026-6-17_casa_31627190,g06073,locationsdereveausoleil,2,245,SERIE_EMISSION,2026-03-25,2026-06-17,2026-04-06,2026-04-06,2026-04-06,FAIT,FAIT,PAS_ENCORE,AI,2,57.9,user008,user003,casa,True,True,False,True,True,DISPATCH,fr,0
timescaperetourauxdinosaures-0_m8866a_2026-5-24_tva_27146925,m8866a,timescaperetourauxdinosaures,,,FILM,2026-03-26,2026-05-24,,,,PAS_ENCORE,PAS_ENCORE,PAS_ENCORE,,0,81.02,user008,,tva,False,False,False,False,False,DISPATCH,fr,0
lelotdudiable-1_4-g05164_2026-6-22_tva_31256641,g05164,lelotdudiable,1,4,SERIE_EMISSION,2026-03-23,2026-06-22,2026-04-10,2026-04-10,2026-04-10,FAIT,FAIT,PAS_ENCORE,AI,7,46.33,user008,user011,tva,True,True,False,True,True,DISPATCH,fr,0
traqueursdelite-1_8dw07-g05460_2026-4-30_addik_31359458,g05460,traqueursdelite,1,8dw07,SERIE_EMISSION,2026-03-19,2026-04-30,2026-04-02,2026-04-02,2026-04-02,FAIT,FAIT,PAS_ENCORE,AI,9,46.03,user006,user011,addik,True,True,False,True,True,DISPATCH,fr,0
larecrue-7_12-g04335_2026-6-24_tva_30961046,g04335,larecrue,7,12,SERIE_EMISSION,2026-03-23,2026-06-24,2026-04-04,2026-04-06,2026-04-06,FAIT,FAIT,PAS_ENCORE,AI,6,43.53,user006,user003,tva,True,True,False,True,True,DISPATCH,fr,0
masterchefduosdynamiques-15_1511-g05691_2026-6-29_casa_31664583,g05691,masterchefduosdynamiques,15,1511,SERIE_EMISSION,2026-03-27,2026-06-29,2026-04-02,2026-04-02,2026-04-02,FAIT,FAIT,PAS_ENCORE,AI,2,43.18,user006,user011,casa,True,True,False,True,True,DISPATCH,fr,0
lessacrifies4-0_m9128a_2026-5-29_tva_30652622,m9128a,lessacrifies4,,,FILM,2025-12-29,2026-05-29,,,,PAS_ENCORE,PAS_ENCORE,PAS_ENCORE,,0,107.02,user001,,tva,False,False,False,False,False,DISPATCH,fr,0
911centredecrise-1_112-g05213_2026-4-14_temoin_31539443,g05213,911centredecrise,1,112,SERIE_EMISSION,2026-03-02,2026-04-14,2026-04-13,2026-04-13,2026-04-13,FAIT,FAIT,PAS_ENCORE,AI,25,22.7,user007,user010,temoin,True,True,False,True,True,DISPATCH,fr,0
lelotdudiable-1_6-g05166_2026-7-6_tva_31256726,g05166,lelotdudiable,1,6,SERIE_EMISSION,2026-03-23,2026-07-06,2026-04-02,2026-04-07,2026-04-08,FAIT,FAIT,PAS_ENCORE,AI,6,46.33,user001,user010,tva,True,True,False,True,True,DISPATCH,fr,0
terrifiante-film_film-m9280a_2026-5-31_addik_31617956,m9280a,terrifiante,,,SERIE_EMISSION,2026-03-31,2026-05-31,2026-04-16,,,PAS_ENCORE,FAIT,PAS_ENCORE,AI,26,88.82,user008,,addik,False,True,False,True,True,DISPATCH,fr,0
lesameriques-1_vic08-g05981_2026-7-9_evasion_31620127,g05981,lesameriques,,,SERIE_EMISSION,2026-03-27,2026-07-09,2026-04-02,2026-04-06,2026-04-06,FAIT,FAIT,PAS_ENCORE,AI,11,43.47,user001,user011,evasion,True,True,False,True,True,DISPATCH,fr,0
lelotdudiable-1_7-g05167_2026-7-13_tva_31256869,g05167,lelotdudiable,1,7,SERIE_EMISSION,2026-03-23,2026-07-13,2026-04-04,2026-04-06,2026-04-06,FAIT,FAIT,PAS_ENCORE,AI,5,46.33,user006,user003,tva,True,True,False,True,True,DISPATCH,fr,0
larecrue-7_15-g04338_2026-7-15_tva_30962756,g04338,larecrue,7,15,SERIE_EMISSION,2026-03-23,2026-07-15,2026-04-13,2026-04-13,2026-04-13,FAIT,FAIT,PAS_ENCORE,AI,6,43.6,user001,user003,tva,True,True,False,True,True,DISPATCH,fr,0
filmeesaleurinsu-1_1-g06089_2026-6-3_temoin_31637662,g06089,filmeesaleurinsu,1,1,SERIE_EMISSION,2026-03-27,2026-06-03,,,,PAS_ENCORE,PAS_ENCORE,PAS_ENCORE,,0,62.07,user002,,temoin,False,False,False,False,False,DISPATCH,fr,0
tuezvousetesfilme-2_206-g04902_2026-6-3_temoin_31163042,g04902,tuezvousetesfilme,2,206,SERIE_EMISSION,2026-03-31,2026-06-03,2026-04-15,2026-04-16,2026-04-16,FAIT,FAIT,PAS_ENCORE,AI,58,44.93,user008,user010,temoin,True,True,False,True,True,DISPATCH,fr,0
larecrue-7_17-g04340_2026-7-29_tva_30964019,g04340,larecrue,7,17,SERIE_EMISSION,2026-03-23,2026-07-29,2026-04-04,2026-04-06,2026-04-06,FAIT,FAIT,PAS_ENCORE,AI,5,43.58,user006,user003,tva,True,True,False,True,True,DISPATCH,fr,0
lelotdudiable-1_10-g05170_2026-8-3_tva_31257100,g05170,lelotdudiable,1,10,SERIE_EMISSION,2026-03-23,2026-08-03,2026-04-05,2026-04-06,2026-04-06,FAIT,FAIT,PAS_ENCORE,AI,5,46.33,user006,user003,tva,True,True,False,True,True,DISPATCH,fr,0
larecrue-7_18-g04341_2026-8-5_tva_30964127,g04341,larecrue,7,18,SERIE_EMISSION,2026-03-23,2026-08-05,2026-04-02,2026-04-06,2026-04-06,FAIT,FAIT,PAS_ENCORE,AI,12,43.52,user001,user010,tva,True,True,False,True,True,DISPATCH,fr,0
dreamy-1_1-g06103_2026-9-3_tva_31644093,g06103,dreamy,1,1,SERIE_EMISSION,2026-03-30,2026-09-03,2026-04-06,2026-04-08,2026-04-08,FAIT,FAIT,PAS_ENCORE,AI,15,47.35,user001,user003,tva,True,True,False,True,True,DISPATCH,fr,0
lelotdudiable-1_5-g05165_2202-5-31_tva_31256686,g05165,lelotdudiable,1,5,SERIE_EMISSION,2026-03-23,2202-05-31,2026-04-03,2026-04-03,2026-04-03,FAIT,FAIT,PAS_ENCORE,AI,9,46.33,user008,user011,tva,True,True,False,True,True,DISPATCH,fr,0
giorgiamelonietleclandesgoelands-documentairepartie1_documentairepartie1-g05991_2026-3-27_lcn_31656932,g05991,giorgiamelonietleclandesgoelands,,,SERIE_EMISSION,2026-03-31,2026-03-27,2026-04-01,2026-04-01,2026-04-01,FAIT,FAIT,PAS_ENCORE,AI,20,48.37,user002,user003,lcn,True,True,False,True,True,DISPATCH,fr,0
giorgiamelonietleclandesgoelands-1_2-g05992_2026-4-3_lcn_31694753,g05992,giorgiamelonietleclandesgoelands,1,2,SERIE_EMISSION,2026-04-02,2026-04-03,2026-04-03,2026-04-03,2026-04-03,FAIT,FAIT,PAS_ENCORE,AI,21,46.68,user002,user003,lcn,True,True,False,True,True,DISPATCH,fr,0
ripd2riseofthedamned-0_m8933a_2026-4-3_tva_28350801,m8933a,ripd2riseofthedamned,,,FILM,2026-04-02,2026-04-03,2026-04-04,2026-04-06,2026-04-06,FAIT,FAIT,PAS_ENCORE,AI,22,107.1,user006,user010,tva,True,True,False,True,True,DISPATCH,fr,0
jaisurvecuauntueur-2_202-g05723_2026-4-7_temoin_31699939,g05723,jaisurvecuauntueur,2,202,SERIE_EMISSION,2026-04-03,2026-04-07,2026-04-06,2026-04-06,2026-04-06,FAIT,FAIT,PAS_ENCORE,AI,7,45.47,user006,user003,temoin,True,True,False,True,True,DISPATCH,fr,0
dansgaza-docu_docu-g05041_2026-4-10_lcn_31209070,g05041,dansgaza,,,SERIE_EMISSION,2026-04-01,2026-04-10,2026-04-08,2026-04-09,2026-04-09,FAIT,FAIT,PAS_ENCORE,AI,24,55.12,user001,user010,lcn,True,True,False,True,True,DISPATCH,fr,0
michelbarrettedroledejournee-0_g05352_2026-4-16_prise2_31605632,g05352,michelbarrettedroledejournee,,,FILM,2026-04-02,2026-04-16,2026-04-06,2026-04-06,2026-04-06,FAIT,FAIT,PAS_ENCORE,AI,4,46.15,user002,user011,prise2,True,True,False,True,True,DISPATCH,fr,0
top10dessecretsetmysteres-1_104-g05733_2026-4-28_evasion_31699905,g05733,top10dessecretsetmysteres,1,104,SERIE_EMISSION,2026-04-03,2026-04-28,2026-04-06,2026-04-07,2026-04-08,FAIT,FAIT,PAS_ENCORE,AI,3,24.58,user006,user010,evasion,True,True,False,True,True,DISPATCH,fr,0
tuezvousetesfilme-2_201-g04897_2026-4-29_temoin_31162402,g04897,tuezvousetesfilme,2,201,SERIE_EMISSION,2026-03-31,2026-04-29,2026-04-06,2026-04-07,2026-04-08,FAIT,FAIT,PAS_ENCORE,AI,26,45.93,user006,user010,temoin,True,True,False,True,True,DISPATCH,fr,0
renosscrappees-5_508-g05564_2026-4-29_casa_31699923,g05564,renosscrappees,5,508,SERIE_EMISSION,2026-04-03,2026-04-29,2026-04-06,2026-04-06,2026-04-06,FAIT,FAIT,PAS_ENCORE,AI,6,44.2,user001,user003,casa,True,True,False,True,True,DISPATCH,fr,0
lesnuitsdetalladegalaballadederickybobby-0_m9259a_2026-4-11_prise2_31695849,m9259a,lesnuitsdetalladegalaballadederickybobby,,,FILM,2026-04-03,2026-04-11,2026-04-07,2026-04-07,2026-04-07,FAIT,FAIT,PAS_ENCORE,AI,14,115.97,user007,user003,prise2,True,True,False,True,True,DISPATCH,fr,0
chacal-1_8dm01-g06091_2026-6-4_addik_31626833,g06091,chacal,1,8dm01,SERIE_EMISSION,2026-04-10,2026-06-04,,,,PAS_ENCORE,PAS_ENCORE,PAS_ENCORE,,0,57.45,user001,,addik,False,False,False,False,False,DISPATCH,fr,0
mangezsainementavecjamie-1_1-g06020_2026-5-13_zeste_31621080,g06020,mangezsainementavecjamie,1,1,SERIE_EMISSION,2026-04-02,2026-05-13,2026-04-03,2026-04-03,2026-04-03,FAIT,FAIT,PAS_ENCORE,AI,6,50.52,user002,user011,zeste,True,True,False,True,True,DISPATCH,fr,0
untueurdansmafamille-2_201-g05915_2026-5-12_temoin_31675613,g05915,untueurdansmafamille,2,201,SERIE_EMISSION,2026-04-01,2026-05-12,2026-04-06,2026-04-07,2026-04-08,FAIT,FAIT,PAS_ENCORE,AI,3,43.97,user006,user010,temoin,True,True,False,True,True,DISPATCH,fr,0
lelotdudiable-1_2-g05162_2026-6-8_tva_31256553,g05162,lelotdudiable,1,2,SERIE_EMISSION,2026-03-23,2026-06-08,2026-04-15,2026-04-16,2026-04-17,FAIT,FAIT,PAS_ENCORE,AI,5,46.33,user007,user011,tva,True,True,False,True,True,DISPATCH,fr,0
tuezvousetesfilme-2_202-g04898_2026-5-6_temoin_31162480,g04898,tuezvousetesfilme,2,202,SERIE_EMISSION,2026-03-31,2026-05-06,2026-04-08,2026-04-10,2026-04-10,FAIT,FAIT,PAS_ENCORE,AI,28,44.68,user006,user011,temoin,True,True,False,True,True,DISPATCH,fr,0
hautpotentiel-2_20-g05594_2026-5-13_tva_31675864,g05594,hautpotentiel,2,20,SERIE_EMISSION,2026-04-01,2026-05-13,2026-04-13,2026-04-14,2026-04-13,FAIT,FAIT,PAS_ENCORE,AI,12,44.72,user001,user010,tva,True,True,False,True,True,DISPATCH,fr,0
pekinexpress-20_1-g06045_2026-6-10_evasion_31620391,g06045,pekinexpress,20,1,SERIE_EMISSION,2026-03-31,2026-06-10,2026-04-03,2026-04-03,2026-04-03,FAIT,FAIT,PAS_ENCORE,AI,23,121.7,user008,user010,evasion,True,True,False,True,True,DISPATCH,fr,0
untueurdansmafamille-2_2-g05916_2026-5-19_temoin_31626956,g05916,untueurdansmafamille,2,2,SERIE_EMISSION,2026-03-31,2026-05-19,2026-04-08,2026-04-08,2026-04-08,FAIT,FAIT,PAS_ENCORE,AI,6,44.15,user006,user003,temoin,True,True,False,True,True,DISPATCH,fr,0
mangezsainementavecjamie-1_2-g06021_2026-5-20_zeste_31621153,g06021,mangezsainementavecjamie,1,2,SERIE_EMISSION,2026-04-02,2026-05-20,2026-04-06,2026-04-07,2026-04-08,FAIT,FAIT,PAS_ENCORE,AI,2,50.43,user006,user010,zeste,True,True,False,True,True,DISPATCH,fr,0
larecrue-7_11-g04334_2026-6-10_tva_30960805,g04334,larecrue,7,11,SERIE_EMISSION,2026-03-23,2026-06-10,,,,PAS_ENCORE,PAS_ENCORE,PAS_ENCORE,,0,41.97,user002,,tva,False,False,False,False,False,DISPATCH,fr,0
batiraveclesbaeumler-1_3-g05946_2026-5-21_casa_31678602,g05946,batiraveclesbaeumler,1,3,SERIE_EMISSION,2026-03-31,2026-05-21,2026-04-08,2026-04-08,2026-04-08,FAIT,FAIT,PAS_ENCORE,AI,6,45.23,user006,user011,casa,True,True,False,True,True,DISPATCH,fr,0
ninjaassassin-0_m6932a_2026-4-10_addik_9660530,m6932a,ninjaassassin,,,FILM,2026-04-09,2026-04-10,2026-04-11,2026-04-13,2026-04-13,FAIT,FAIT,PAS_ENCORE,AI,21,99.27,user006,user010,addik,True,True,False,True,True,DISPATCH,fr,0
letailleurdepanama-0_m9258a_2026-4-10_prise2_31420727,m9258a,letailleurdepanama,,,FILM,2026-04-09,2026-04-10,2026-04-11,2026-04-13,2026-04-13,FAIT,FAIT,PAS_ENCORE,AI,26,115.48,user002,user010,prise2,True,True,False,True,True,DISPATCH,fr,0
untueurdansmafamille-2_3-g05917_2026-5-26_temoin_31627082,g05917,untueurdansmafamille,2,3,SERIE_EMISSION,2026-03-31,2026-05-26,2026-04-08,2026-04-08,2026-04-08,FAIT,FAIT,PAS_ENCORE,AI,3,44.03,user006,user003,temoin,True,True,False,True,True,DISPATCH,fr,0
lesstarsdegordonramsayuk-1_101-g05762_2026-4-22_zeste_31717722,g05762,lesstarsdegordonramsayuk,1,101,SERIE_EMISSION,2026-04-09,2026-04-22,2026-04-11,2026-04-13,2026-04-13,FAIT,FAIT,PAS_ENCORE,AI,5,61.42,user002,user010,zeste,True,True,False,True,True,DISPATCH,fr,0
mangezsainementavecjamie-1_3-g06022_2026-5-27_zeste_31620945,g06022,mangezsainementavecjamie,1,3,SERIE_EMISSION,2026-04-02,2026-05-27,2026-04-08,2026-04-08,2026-04-08,FAIT,FAIT,PAS_ENCORE,AI,3,50.53,user007,user010,zeste,True,True,False,True,True,DISPATCH,fr,0
tuezvousetesfilme-2_207-g04903_2026-6-10_temoin_31163113,g04903,tuezvousetesfilme,2,207,SERIE_EMISSION,2026-03-31,2026-06-10,,,,PAS_ENCORE,PAS_ENCORE,PAS_ENCORE,,0,44.92,user002,,temoin,False,False,False,False,False,DISPATCH,fr,0
chacal-1_8dm02-g06092_2026-6-11_addik_31627262,g06092,chacal,1,8dm02,SERIE_EMISSION,2026-04-10,2026-06-11,,,,PAS_ENCORE,PAS_ENCORE,PAS_ENCORE,,0,53.42,user006,,addik,False,False,False,False,False,DISPATCH,fr,0
mangezsainementavecjamie-1_5-g06024_2026-6-10_zeste_31621018,g06024,mangezsainementavecjamie,1,5,SERIE_EMISSION,2026-04-02,2026-06-10,2026-04-03,2026-04-06,2026-04-06,FAIT,FAIT,PAS_ENCORE,AI,5,50.73,user002,user010,zeste,True,True,False,True,True,DISPATCH,fr,0
pornopouvoiretprofit-documentairepartie2_documentairepartie2-g05994_2026-5-27_temoin_31637925,g05994,pornopouvoiretprofit,,,SERIE_EMISSION,2026-03-31,2026-05-27,2026-04-08,2026-04-10,2026-04-13,FAIT,FAIT,PAS_ENCORE,AI,10,55.58,user001,user010,temoin,True,True,False,True,True,DISPATCH,fr,0
untueurdansmafamille-2_6-g05920_2026-6-16_temoin_31626581,g05920,untueurdansmafamille,2,6,SERIE_EMISSION,2026-04-02,2026-06-16,2026-04-03,2026-04-06,2026-04-06,FAIT,FAIT,PAS_ENCORE,AI,4,44.35,user002,user010,temoin,True,True,False,True,True,DISPATCH,fr,0
lesameriques-1_vic09-g05978_2026-6-18_evasion_31620162,g05978,lesameriques,,,SERIE_EMISSION,2026-03-27,2026-06-18,,,,PAS_ENCORE,PAS_ENCORE,PAS_ENCORE,,0,43.47,user002,,evasion,False,False,False,False,False,DISPATCH,fr,0
mangezsainementavecjamie-1_4-g06023_2026-6-3_zeste_31620984,g06023,mangezsainementavecjamie,1,4,SERIE_EMISSION,2026-04-02,2026-06-03,2026-04-08,2026-04-08,2026-04-08,FAIT,FAIT,PAS_ENCORE,AI,4,51.42,user008,user010,zeste,True,True,False,True,True,DISPATCH,fr,0
labatailledesburgers-1_2-g06144_2026-6-4_zeste_31692221,g06144,labatailledesburgers,1,2,SERIE_EMISSION,2026-04-02,2026-06-04,2026-04-08,2026-04-08,2026-04-08,FAIT,FAIT,PAS_ENCORE,AI,3,45.23,user007,user010,zeste,True,True,False,True,True,DISPATCH,fr,0
pekinexpress-20_2-g06046_2026-6-17_evasion_31620001,g06046,pekinexpress,20,2,SERIE_EMISSION,2026-03-31,2026-06-17,2026-04-07,2026-04-07,2026-04-07,FAIT,FAIT,PAS_ENCORE,AI,14,118.42,user006,user003,evasion,True,True,False,True,True,DISPATCH,fr,0
untueurdansmafamille-2_5-g05919_2026-6-9_temoin_31627298,g05919,untueurdansmafamille,2,5,SERIE_EMISSION,2026-04-02,2026-06-09,2026-04-10,2026-04-10,2026-04-10,FAIT,FAIT,PAS_ENCORE,AI,6,44.07,user008,user011,temoin,True,True,False,True,True,DISPATCH,fr,0
joshgatestraqueurdemysteres-4_406-e76717_2026-4-27_evasion_20090912,e76717,joshgatestraqueurdemysteres,4,406,SERIE_EMISSION,2026-04-08,2026-04-27,2026-04-11,2026-04-13,2026-04-13,FAIT,FAIT,PAS_ENCORE,AI,7,44.08,user002,user010,evasion,True,True,False,True,True,DISPATCH,fr,0
jamiecuisineapetitprix-1_1-g06025_2026-6-17_zeste_31621098,g06025,jamiecuisineapetitprix,1,1,SERIE_EMISSION,2026-04-01,2026-06-17,2026-04-08,2026-04-08,2026-04-08,FAIT,FAIT,PAS_ENCORE,AI,6,49.17,user008,user010,zeste,True,True,False,True,True,DISPATCH,fr,0
destrainspascommelesautres-14_2-g05963_2026-6-22_evasion_31617873,g05963,destrainspascommelesautres,14,2,SERIE_EMISSION,2026-03-31,2026-06-22,2026-04-10,2026-04-10,2026-04-10,FAIT,FAIT,PAS_ENCORE,AI,5,52.03,user001,user010,evasion,True,True,False,True,True,DISPATCH,fr,0
joshgatestraqueurdemysteres-4_407-e76762_2026-4-27_evasion_20090945,e76762,joshgatestraqueurdemysteres,4,407,SERIE_EMISSION,2026-04-08,2026-04-27,2026-04-11,2026-04-13,2026-04-13,FAIT,FAIT,PAS_ENCORE,AI,9,44.17,user001,user010,evasion,True,True,False,True,True,DISPATCH,fr,0
hpihautpotentielintellectuel-5_1-g04433_2026-6-18_addik_31033704,g04433,hpihautpotentielintellectuel,5,1,SERIE_EMISSION,2026-04-02,2026-06-18,2026-04-09,2026-04-09,2026-04-09,FAIT,FAIT,PAS_ENCORE,AI,17,59.8,user008,user010,addik,True,True,False,True,True,DISPATCH,fr,0
couplestueurs-3_1304-g05540_2026-4-1_temoin_31685692,g05540,couplestueurs,3,1304,SERIE_EMISSION,2026-04-01,2026-04-01,2026-04-02,2026-04-02,2026-04-02,FAIT,FAIT,PAS_ENCORE,AI,6,44.57,user002,user011,temoin,True,True,False,True,True,DISPATCH,fr,0
pekinexpress-20_4-g06048_2026-7-1_evasion_31620144,g06048,pekinexpress,20,4,SERIE_EMISSION,2026-03-31,2026-07-01,2026-04-06,2026-04-09,2026-04-10,FAIT,FAIT,PAS_ENCORE,AI,46,118.22,user008,user003,evasion,True,True,False,True,True,DISPATCH,fr,0
jamiecuisineapetitprix-1_2-g06026_2026-6-24_zeste_31621170,g06026,jamiecuisineapetitprix,1,2,SERIE_EMISSION,2026-04-01,2026-06-24,2026-04-09,2026-04-09,2026-04-09,FAIT,FAIT,PAS_ENCORE,AI,8,49.05,user001,user003,zeste,True,True,False,True,True,DISPATCH,fr,0
chacal-1_8dm03-g06093_2026-6-18_addik_31627473,g06093,chacal,1,8dm03,SERIE_EMISSION,2026-04-10,2026-06-18,,,,PAS_ENCORE,PAS_ENCORE,PAS_ENCORE,,0,50.72,user006,,addik,False,False,False,False,False,DISPATCH,fr,0
destrainspascommelesautres-14_3-g05964_2026-6-29_evasion_31617528,g05964,destrainspascommelesautres,14,3,SERIE_EMISSION,2026-03-31,2026-06-29,2026-04-08,2026-04-08,2026-04-08,FAIT,FAIT,PAS_ENCORE,AI,4,50.57,user006,user003,evasion,True,True,False,True,True,DISPATCH,fr,0
hpihautpotentielintellectuel-5_2-g04434_2026-6-25_addik_31033721,g04434,hpihautpotentielintellectuel,5,2,SERIE_EMISSION,2026-04-02,2026-06-25,2026-04-09,2026-04-09,2026-04-09,FAIT,FAIT,PAS_ENCORE,AI,13,55.53,user008,user003,addik,True,True,False,True,True,DISPATCH,fr,0
tuezvousetesfilme-2_209-g04905_2026-6-24_temoin_31163398,g04905,tuezvousetesfilme,2,209,SERIE_EMISSION,2026-03-31,2026-06-24,,,,PAS_ENCORE,PAS_ENCORE,PAS_ENCORE,,0,44.8,user007,,temoin,False,False,False,False,False,DISPATCH,fr,0
jamiecuisineapetitprix-1_3-g06027_2026-7-1_zeste_31621211,g06027,jamiecuisineapetitprix,1,3,SERIE_EMISSION,2026-04-01,2026-07-01,2026-04-07,2026-04-07,2026-04-08,FAIT,FAIT,PAS_ENCORE,AI,4,49.12,user002,user011,zeste,True,True,False,True,True,DISPATCH,fr,0
hpihautpotentielintellectuel-5_3-g04435_2026-7-2_addik_31033737,g04435,hpihautpotentielintellectuel,5,3,SERIE_EMISSION,2026-04-02,2026-07-02,2026-04-09,2026-04-09,2026-04-09,FAIT,FAIT,PAS_ENCORE,AI,8,59.67,user002,user011,addik,True,True,False,True,True,DISPATCH,fr,0
masterchefduosdynamiques-15_1514-g05694_2026-7-7_casa_31692203,g05694,masterchefduosdynamiques,15,1514,SERIE_EMISSION,2026-04-02,2026-07-07,2026-04-07,2026-04-07,2026-04-07,FAIT,FAIT,PAS_ENCORE,AI,2,42.9,user006,user003,casa,True,True,False,True,True,DISPATCH,fr,0
destrainspascommelesautres-14_4-g05965_2026-7-6_evasion_31617283,g05965,destrainspascommelesautres,14,4,SERIE_EMISSION,2026-03-31,2026-07-06,2026-04-07,2026-04-08,2026-04-08,FAIT,FAIT,PAS_ENCORE,AI,5,52.12,user002,user010,evasion,True,True,False,True,True,DISPATCH,fr,0
joshgatestraqueurdemysteres-4_410-e76883_2026-5-4_evasion_20091017,e76883,joshgatestraqueurdemysteres,4,410,SERIE_EMISSION,2026-04-08,2026-05-04,2026-04-13,2026-04-13,2026-04-13,FAIT,FAIT,PAS_ENCORE,AI,8,43.83,user001,user003,evasion,True,True,False,True,True,DISPATCH,fr,0
aloneaustralielessurvivants-2_216b-g05827_2026-5-6_evasion_31723622,g05827,aloneaustralielessurvivants,2,216b,SERIE_EMISSION,2026-04-09,2026-05-06,2026-04-13,2026-04-15,2026-04-13,FAIT,FAIT,PAS_ENCORE,AI,16,53.88,user001,user003,evasion,True,True,False,True,True,DISPATCH,fr,0
hpihautpotentielintellectuel-5_4-g04436_2026-7-9_addik_31033753,g04436,hpihautpotentielintellectuel,5,4,SERIE_EMISSION,2026-04-02,2026-07-09,2026-04-10,2026-04-10,2026-04-10,FAIT,FAIT,PAS_ENCORE,AI,10,55.67,user002,user003,addik,True,True,False,True,True,DISPATCH,fr,0
destrainspascommelesautres-14_5-g05966_2026-7-13_evasion_31618014,g05966,destrainspascommelesautres,14,5,SERIE_EMISSION,2026-03-31,2026-07-13,2026-04-10,2026-04-10,2026-04-10,FAIT,FAIT,PAS_ENCORE,AI,8,52.65,user001,user011,evasion,True,True,False,True,True,DISPATCH,fr,0
unitehelico-1_110-g05556_2026-5-12_temoin_31717993,g05556,unitehelico,1,110,SERIE_EMISSION,2026-04-09,2026-05-12,2026-04-11,2026-04-13,2026-04-13,FAIT,FAIT,PAS_ENCORE,AI,6,28.4,user007,user003,temoin,True,True,False,True,True,DISPATCH,fr,0
jamiecuisineapetitprix-1_5-g06029_2026-7-15_zeste_31621001,g06029,jamiecuisineapetitprix,1,5,SERIE_EMISSION,2026-04-01,2026-07-15,2026-04-08,2026-04-08,2026-04-08,FAIT,FAIT,PAS_ENCORE,AI,2,48.73,user006,user003,zeste,True,True,False,True,True,DISPATCH,fr,0
laloietlordre-24_8fp02-g05894_2026-5-14_temoin_31708508,g05894,laloietlordre,24,8fp02,SERIE_EMISSION,2026-04-08,2026-05-14,2026-04-10,2026-04-13,2026-04-13,FAIT,FAIT,PAS_ENCORE,AI,7,48.43,user007,user003,temoin,True,True,False,True,True,DISPATCH,fr,0
destrainspascommelesautres-14_6-g05967_2026-7-20_evasion_31617647,g05967,destrainspascommelesautres,14,6,SERIE_EMISSION,2026-03-31,2026-07-20,2026-04-08,2026-04-08,2026-04-08,FAIT,FAIT,PAS_ENCORE,AI,6,51.65,user006,user003,evasion,True,True,False,True,True,DISPATCH,fr,0
joshgatestraqueurdemysteres-4_415-e77661_2026-5-18_evasion_20091062,e77661,joshgatestraqueurdemysteres,4,415,SERIE_EMISSION,2026-04-08,2026-05-18,2026-04-10,2026-04-13,2026-04-13,FAIT,FAIT,PAS_ENCORE,AI,4,44.07,user007,user003,evasion,True,True,False,True,True,DISPATCH,fr,0
jamiecuisineapetitprix-1_6-g06030_2026-7-22_zeste_31621036,g06030,jamiecuisineapetitprix,1,6,SERIE_EMISSION,2026-04-01,2026-07-22,2026-04-06,2026-04-06,2026-04-06,FAIT,FAIT,PAS_ENCORE,AI,5,49.05,user002,user011,zeste,True,True,False,True,True,DISPATCH,fr,0
hpihautpotentielintellectuel-5_6-g04438_2026-7-23_addik_31033786,g04438,hpihautpotentielintellectuel,5,6,SERIE_EMISSION,2026-04-02,2026-07-23,2026-04-11,2026-04-13,2026-04-13,FAIT,FAIT,PAS_ENCORE,AI,7,60.75,user002,user010,addik,True,True,False,True,True,DISPATCH,fr,0
destrainspascommelesautres-14_7-g05968_2026-7-27_evasion_31617754,g05968,destrainspascommelesautres,14,7,SERIE_EMISSION,2026-03-31,2026-07-27,2026-04-06,2026-04-07,2026-04-07,FAIT,FAIT,PAS_ENCORE,AI,4,52.35,user002,user010,evasion,True,True,False,True,True,DISPATCH,fr,0
pekinexpress-20_8-g06052_2026-7-29_evasion_31620299,g06052,pekinexpress,20,8,SERIE_EMISSION,2026-03-31,2026-07-29,2026-04-08,2026-04-08,2026-04-08,FAIT,FAIT,PAS_ENCORE,AI,36,116.27,user008,user003,evasion,True,True,False,True,True,DISPATCH,fr,0
jamiecuisineengeorgie-1_1-g06019_2026-7-29_zeste_31620925,g06019,jamiecuisineengeorgie,1,1,SERIE_EMISSION,2026-04-01,2026-07-29,2026-04-08,2026-04-08,2026-04-08,FAIT,FAIT,PAS_ENCORE,AI,4,50.83,user008,user010,zeste,True,True,False,True,True,DISPATCH,fr,0
hpihautpotentielintellectuel-5_7-g04439_2026-7-30_addik_31033802,g04439,hpihautpotentielintellectuel,5,7,SERIE_EMISSION,2026-04-02,2026-07-30,2026-04-08,2026-04-08,2026-04-08,FAIT,FAIT,PAS_ENCORE,AI,5,59.47,user007,user011,addik,True,True,False,True,True,DISPATCH,fr,0
destrainspascommelesautres-14_8-g05969_2026-8-1_evasion_31617365,g05969,destrainspascommelesautres,14,8,SERIE_EMISSION,2026-03-31,2026-08-01,2026-04-07,2026-04-07,2026-04-08,FAIT,FAIT,PAS_ENCORE,AI,5,52.22,user007,user011,evasion,True,True,False,True,True,DISPATCH,fr,0
top10dessecretsetmysteres-1_10-g05739_2026-5-19_tva_31685766,g05739,top10dessecretsetmysteres,1,10,SERIE_EMISSION,2026-04-08,2026-05-19,2026-04-11,2026-04-13,2026-04-13,FAIT,FAIT,PAS_ENCORE,AI,3,43.7,user001,user003,tva,True,True,False,True,True,DISPATCH,fr,0
pekinexpress-20_10-g06054_2026-8-12_evasion_31620337,g06054,pekinexpress,20,10,SERIE_EMISSION,2026-03-31,2026-08-12,2026-04-12,2026-04-15,2026-04-13,FAIT,FAIT,PAS_ENCORE,AI,18,114.62,user006,user010,evasion,True,True,False,True,True,DISPATCH,fr,0
empoisonnees-1_2-g06085_2026-8-12_temoin_31637943,g06085,empoisonnees,1,2,SERIE_EMISSION,2026-03-31,2026-08-12,2026-04-07,2026-04-07,2026-04-08,FAIT,FAIT,PAS_ENCORE,AI,10,56.83,user006,user003,temoin,True,True,False,True,True,DISPATCH,fr,0
laloietlordre-24_8fp03-g05895_2026-5-21_temoin_31708825,g05895,laloietlordre,24,8fp03,SERIE_EMISSION,2026-04-08,2026-05-21,2026-04-10,2026-04-13,2026-04-13,FAIT,FAIT,PAS_ENCORE,AI,8,48.38,user007,user003,temoin,True,True,False,True,True,DISPATCH,fr,0
joshgatestraqueurdemysteres-4_404-e76281_2026-4-20_evasion_20090894,e76281,joshgatestraqueurdemysteres,4,404,SERIE_EMISSION,2026-04-15,2026-04-20,2026-04-17,2026-04-17,2026-04-17,FAIT,FAIT,PAS_ENCORE,AI,9,43.95,user008,user003,evasion,True,True,False,True,True,DISPATCH,fr,0
tuezvousetesfilme-2_205-g04901_2026-5-27_temoin_31162893,g04901,tuezvousetesfilme,2,205,SERIE_EMISSION,2026-03-31,2026-05-27,2026-04-09,2026-04-15,2026-04-13,FAIT,FAIT,PAS_ENCORE,AI,29,45.05,user008,user003,temoin,True,True,False,True,True,DISPATCH,fr,0
pekinexpress-20_12-g06056_2026-8-26_evasion_31620373,g06056,pekinexpress,20,12,SERIE_EMISSION,2026-03-31,2026-08-26,2026-04-09,2026-04-09,2026-04-09,FAIT,FAIT,PAS_ENCORE,AI,28,122.12,user002,user011,evasion,True,True,False,True,True,DISPATCH,fr,0
larecrue-7_13-g04336_2026-7-1_tva_30961379,g04336,larecrue,7,13,SERIE_EMISSION,2026-03-23,2026-07-01,2026-04-15,2026-04-16,2026-04-16,FAIT,FAIT,PAS_ENCORE,AI,9,43.57,user007,user010,tva,True,True,False,True,True,DISPATCH,fr,0
tuezvousetesfilme-2_210-g04906_2026-7-1_temoin_31163507,g04906,tuezvousetesfilme,2,210,SERIE_EMISSION,2026-03-31,2026-07-01,,,,PAS_ENCORE,PAS_ENCORE,PAS_ENCORE,,0,44.62,user002,,temoin,False,False,False,False,False,DISPATCH,fr,0
couplestueurs-13_1305-g05541_2026-4-8_temoin_31704972,g05541,couplestueurs,13,1305,SERIE_EMISSION,2026-04-07,2026-04-08,2026-04-07,2026-04-07,2026-04-07,FAIT,FAIT,PAS_ENCORE,AI,6,44.55,user002,user011,temoin,True,True,False,True,True,DISPATCH,fr,0
unitehelico-1_108-g05554_2026-4-28_temoin_31645970,g05554,unitehelico,1,108,SERIE_EMISSION,2026-03-25,2026-04-28,2026-04-13,2026-04-13,2026-04-13,FAIT,FAIT,PAS_ENCORE,AI,9,24.25,user001,user011,temoin,True,True,False,True,True,DISPATCH,fr,0
aloneaustralielessurvivants-2_216-g05826_2026-4-29_evasion_31704956,g05826,aloneaustralielessurvivants,2,216,SERIE_EMISSION,2026-04-07,2026-04-29,2026-04-14,2026-04-14,2026-04-14,FAIT,FAIT,PAS_ENCORE,AI,9,55.33,user006,user010,evasion,True,True,False,True,True,DISPATCH,fr,0
batiraveclesbaeumler-1_4-g05947_2026-5-28_casa_31704940,g05947,batiraveclesbaeumler,1,4,SERIE_EMISSION,2026-04-07,2026-05-28,2026-04-12,2026-04-13,2026-04-13,FAIT,FAIT,PAS_ENCORE,AI,4,45.23,user006,user011,casa,True,True,False,True,True,DISPATCH,fr,0
roadtripsrestosetrelais-36_3609-g05804_2026-6-5_zeste_31704898,g05804,roadtripsrestosetrelais,36,3609,SERIE_EMISSION,2026-04-07,2026-06-05,2026-04-12,2026-04-13,2026-04-13,FAIT,FAIT,PAS_ENCORE,AI,1,22.02,user006,user011,zeste,True,True,False,True,True,DISPATCH,fr,0
petitevillegrandsecrets-1_3-g06088_2026-7-15_temoin_31638137,g06088,petitevillegrandsecrets,1,3,SERIE_EMISSION,2026-04-07,2026-07-15,2026-04-09,2026-04-09,2026-04-09,FAIT,FAIT,PAS_ENCORE,AI,11,84.58,user001,user011,temoin,True,True,False,True,True,DISPATCH,fr,0
petitevillegrandsecrets-1_1-g06086_2026-7-15_temoin_31637863,g06086,petitevillegrandsecrets,1,1,SERIE_EMISSION,2026-04-07,2026-07-15,2026-04-09,2026-04-09,2026-04-09,FAIT,FAIT,PAS_ENCORE,AI,8,86.37,user001,user010,temoin,True,True,False,True,True,DISPATCH,fr,0
petitevillegrandsecrets-1_2-g06087_2026-7-15_temoin_31638026,g06087,petitevillegrandsecrets,1,2,SERIE_EMISSION,2026-04-07,2026-07-15,2026-04-09,2026-04-09,2026-04-09,FAIT,FAIT,PAS_ENCORE,AI,7,85.08,user001,user010,temoin,True,True,False,True,True,DISPATCH,fr,0
laloietlordre-24_8fp09-g05901_2026-7-2_temoin_31710422,g05901,laloietlordre,24,8fp09,SERIE_EMISSION,2026-04-08,2026-07-02,,,,PAS_ENCORE,PAS_ENCORE,PAS_ENCORE,,0,48.9,user001,,temoin,False,False,False,False,False,DISPATCH,fr,0
lesstarsdegordonramsayuk-1_102-g05763_2026-4-29_zeste_31745116,g05763,lesstarsdegordonramsayuk,1,102,SERIE_EMISSION,2026-04-16,2026-04-29,,,,PAS_ENCORE,PAS_ENCORE,PAS_ENCORE,,0,61.55,user007,,zeste,False,False,False,False,False,DISPATCH,fr,0
larecrue-7_14-g04337_2026-7-8_tva_30961849,g04337,larecrue,7,14,SERIE_EMISSION,2026-03-23,2026-07-08,2026-04-15,2026-04-16,2026-04-16,FAIT,FAIT,PAS_ENCORE,AI,10,43.4,user008,user003,tva,True,True,False,True,True,DISPATCH,fr,0
laloietlordre-24_8fp10-g05902_2026-7-9_temoin_31710669,g05902,laloietlordre,24,8fp10,SERIE_EMISSION,2026-04-08,2026-07-09,,,,PAS_ENCORE,PAS_ENCORE,PAS_ENCORE,,0,47.75,user001,,temoin,False,False,False,False,False,DISPATCH,fr,0
aloneaustralielessurvivants-2_218-g05829_2026-5-20_evasion_31734920,g05829,aloneaustralielessurvivants,2,218,SERIE_EMISSION,2026-04-14,2026-05-20,2026-04-15,2026-04-16,2026-04-16,FAIT,FAIT,PAS_ENCORE,AI,28,55.57,user008,user003,evasion,True,True,False,True,True,DISPATCH,fr,0
laloietlordre-24_8fp11-g05903_2026-7-16_temoin_31711086,g05903,laloietlordre,24,8fp11,SERIE_EMISSION,2026-04-09,2026-07-16,,,,PAS_ENCORE,PAS_ENCORE,PAS_ENCORE,,0,47.85,user001,,temoin,False,False,False,False,False,DISPATCH,fr,0
roadtripsrestosetrelais-36_3608-g05803_2026-5-29_zeste_31711566,g05803,roadtripsrestosetrelais,36,3608,SERIE_EMISSION,2026-04-08,2026-05-29,2026-04-11,2026-04-13,2026-04-13,FAIT,FAIT,PAS_ENCORE,AI,4,22.02,user001,user003,zeste,True,True,False,True,True,DISPATCH,fr,0
chacal-1_8dm04-g06094_2026-6-25_addik_31627553,g06094,chacal,1,8dm04,SERIE_EMISSION,2026-04-10,2026-06-25,,,,PAS_ENCORE,PAS_ENCORE,PAS_ENCORE,,0,49.95,user006,,addik,False,False,False,False,False,DISPATCH,fr,0
larecrue-7_16-g04339_2026-7-22_tva_30963381,g04339,larecrue,7,16,SERIE_EMISSION,2026-03-23,2026-07-22,2026-04-16,2026-04-16,,FAIT,FAIT,PAS_ENCORE,AI,7,43.42,user007,user003,tva,True,True,False,True,True,DISPATCH,fr,0
jaisurvecuauntueurenserie-2_203-g05724_2026-4-14_temoin_31711531,g05724,jaisurvecuauntueurenserie,2,203,SERIE_EMISSION,2026-04-08,2026-04-14,2026-04-10,2026-04-10,2026-04-10,FAIT,FAIT,PAS_ENCORE,AI,15,45.67,user001,user010,temoin,True,True,False,True,True,DISPATCH,fr,0
passeportgourmand-4_410-g05779_2026-5-29_zeste_31711548,g05779,passeportgourmand,4,410,SERIE_EMISSION,2026-04-08,2026-05-29,2026-04-13,2026-04-13,2026-04-13,FAIT,FAIT,PAS_ENCORE,AI,3,21.92,user008,user003,zeste,True,True,False,True,True,DISPATCH,fr,0
untueurdansmafamille-2_4-g05918_2026-6-2_temoin_31627208,g05918,untueurdansmafamille,2,4,SERIE_EMISSION,2026-04-08,2026-06-02,2026-04-11,2026-04-13,2026-04-13,FAIT,FAIT,PAS_ENCORE,AI,5,44.18,user001,user003,temoin,True,True,False,True,True,DISPATCH,fr,0
hautpotentiel-2_23-g05597_2026-6-3_tva_31719008,g05597,hautpotentiel,2,23,SERIE_EMISSION,2026-04-09,2026-06-03,2026-04-13,2026-04-14,2026-04-13,FAIT,FAIT,PAS_ENCORE,AI,13,47.2,user008,user010,tva,True,True,False,True,True,DISPATCH,fr,0
labatailledesburgers-1_1003-g06145_2026-6-11_zeste_31711583,g06145,labatailledesburgers,1,1003,SERIE_EMISSION,2026-04-08,2026-06-11,2026-04-11,2026-04-13,2026-04-13,FAIT,FAIT,PAS_ENCORE,AI,6,45.23,user001,user003,zeste,True,True,False,True,True,DISPATCH,fr,0
passeportgourmand-4_409-g05778_2026-5-22_zeste_31711600,g05778,passeportgourmand,4,409,SERIE_EMISSION,2026-04-08,2026-05-22,2026-04-10,2026-04-10,2026-04-10,FAIT,FAIT,PAS_ENCORE,AI,6,21.92,user008,user003,zeste,True,True,False,True,True,DISPATCH,fr,0
top10dessecretsetmysteres-1_9-g05738_2026-5-19_evasion_31638952,g05738,top10dessecretsetmysteres,1,9,SERIE_EMISSION,2026-04-08,2026-05-19,2026-04-10,2026-04-10,2026-04-10,FAIT,FAIT,PAS_ENCORE,AI,4,43.72,user008,user003,evasion,True,True,False,True,True,DISPATCH,fr,0
joshgatestraqueurdemysteres-4_409-e76882_2026-5-4_evasion_20091009,e76882,joshgatestraqueurdemysteres,4,409,SERIE_EMISSION,2026-04-08,2026-05-04,2026-04-10,2026-04-10,2026-04-10,FAIT,FAIT,PAS_ENCORE,AI,11,43.92,user008,user011,evasion,True,True,False,True,True,DISPATCH,fr,0
joshgatestraqueurdemysteres-4_413-e77094_2026-5-11_evasion_20091044,e77094,joshgatestraqueurdemysteres,4,413,SERIE_EMISSION,2026-04-08,2026-05-11,2026-04-14,2026-04-14,2026-04-14,FAIT,FAIT,PAS_ENCORE,AI,3,44.17,user006,user010,evasion,True,True,False,True,True,DISPATCH,fr,0
tuezvousetesfilme-2_208-g04904_2026-6-17_temoin_31163229,g04904,tuezvousetesfilme,2,208,SERIE_EMISSION,2026-03-31,2026-06-17,2026-04-08,2026-04-13,2026-04-13,FAIT,FAIT,PAS_ENCORE,AI,31,44.77,user007,user011,temoin,True,True,False,True,True,DISPATCH,fr,0
pekinexpress-20_3-g06047_2026-6-24_evasion_31620072,g06047,pekinexpress,20,3,SERIE_EMISSION,2026-03-31,2026-06-24,2026-04-11,2026-04-14,2026-04-13,FAIT,FAIT,PAS_ENCORE,AI,11,119.77,user006,user011,evasion,True,True,False,True,True,DISPATCH,fr,0
lesameriques-1_vid05-g05980_2026-7-2_evasion_31620054,g05980,lesameriques,,,SERIE_EMISSION,2026-03-27,2026-07-02,2026-04-11,2026-04-13,2026-04-13,FAIT,FAIT,PAS_ENCORE,AI,4,43.42,user007,user003,evasion,True,True,False,True,True,DISPATCH,fr,0
laloietlordre-24_8fp12-g05904_2026-7-23_temoin_31711217,g05904,laloietlordre,24,8fp12,SERIE_EMISSION,2026-04-08,2026-07-23,2026-04-14,2026-04-14,2026-04-15,FAIT,FAIT,PAS_ENCORE,AI,5,48.95,user006,user011,temoin,True,True,False,True,True,DISPATCH,fr,0
jamiecuisineapetitprix-1_4-g06028_2026-7-8_zeste_31620964,g06028,jamiecuisineapetitprix,1,4,SERIE_EMISSION,2026-04-01,2026-07-08,2026-04-11,2026-04-13,2026-04-13,FAIT,FAIT,PAS_ENCORE,AI,9,48.55,user001,user003,zeste,True,True,False,True,True,DISPATCH,fr,0
pekinexpress-20_5-g06049_2026-7-8_evasion_31620203,g06049,pekinexpress,20,5,SERIE_EMISSION,2026-03-31,2026-07-08,2026-04-09,2026-04-15,2026-04-13,FAIT,FAIT,PAS_ENCORE,AI,20,117.78,user007,user003,evasion,True,True,False,True,True,DISPATCH,fr,0
pekinexpress-20_6-g06050_2026-7-15_evasion_31620227,g06050,pekinexpress,20,6,SERIE_EMISSION,2026-03-31,2026-07-15,2026-04-12,2026-04-14,2026-04-13,FAIT,FAIT,PAS_ENCORE,AI,14,113.42,user006,user011,evasion,True,True,False,True,True,DISPATCH,fr,0
hpihautpotentielintellectuel-5_5-g04437_2026-7-16_addik_31033770,g04437,hpihautpotentielintellectuel,5,5,SERIE_EMISSION,2026-04-02,2026-07-16,2026-04-10,2026-04-13,2026-04-13,FAIT,FAIT,PAS_ENCORE,AI,6,60.37,user007,user003,addik,True,True,False,True,True,DISPATCH,fr,0
chacal-1_8dm05-g06095_2026-7-2_addik_31627609,g06095,chacal,1,8dm05,SERIE_EMISSION,2026-04-10,2026-07-02,,,,PAS_ENCORE,PAS_ENCORE,PAS_ENCORE,,0,49.67,user006,,addik,False,False,False,False,False,DISPATCH,fr,0
laloietlordre-24_8fp04-g05896_2026-5-28_temoin_31709209,g05896,laloietlordre,24,8fp04,SERIE_EMISSION,2026-04-08,2026-05-28,2026-04-13,2026-04-14,2026-04-13,FAIT,FAIT,PAS_ENCORE,AI,14,47.4,user008,user010,temoin,True,True,False,True,True,DISPATCH,fr,0
laloietlordre-24_8fp06-g05898_2026-6-11_temoin_31709692,g05898,laloietlordre,24,8fp06,SERIE_EMISSION,2026-04-08,2026-06-11,2026-04-13,2026-04-15,2026-04-13,FAIT,FAIT,PAS_ENCORE,AI,10,48.45,user002,user003,temoin,True,True,False,True,True,DISPATCH,fr,0
pekinexpress-20_7-g06051_2026-7-22_evasion_31620281,g06051,pekinexpress,20,7,SERIE_EMISSION,2026-03-31,2026-07-22,2026-04-09,2026-04-15,2026-04-13,FAIT,FAIT,PAS_ENCORE,AI,44,115.53,user002,user011,evasion,True,True,False,True,True,DISPATCH,fr,0
laloietlordre-24_8fp05-g05897_2026-6-4_temoin_31709499,g05897,laloietlordre,24,8fp05,SERIE_EMISSION,2026-04-08,2026-06-04,2026-04-13,2026-04-13,2026-04-13,FAIT,FAIT,PAS_ENCORE,AI,9,48.47,user008,user011,temoin,True,True,False,True,True,DISPATCH,fr,0
laloietlordre-24_8fp08-g05900_2026-6-25_temoin_31710290,g05900,laloietlordre,24,8fp08,SERIE_EMISSION,2026-04-08,2026-06-25,2026-04-13,2026-04-13,2026-04-13,FAIT,FAIT,PAS_ENCORE,AI,9,48.03,user002,user011,temoin,True,True,False,True,True,DISPATCH,fr,0
lelotdudiable-1_9-g05169_2026-7-27_tva_31257038,g05169,lelotdudiable,1,9,SERIE_EMISSION,2026-03-23,2026-07-27,2026-04-14,2026-04-14,2026-04-15,FAIT,FAIT,PAS_ENCORE,AI,4,46.33,user007,user011,tva,True,True,False,True,True,DISPATCH,fr,0
laloietlordre-24_8fp07-g05899_2026-6-18_temoin_31710065,g05899,laloietlordre,24,8fp07,SERIE_EMISSION,2026-04-08,2026-06-18,2026-04-13,2026-04-14,2026-04-13,FAIT,FAIT,PAS_ENCORE,AI,11,47.9,user002,user011,temoin,True,True,False,True,True,DISPATCH,fr,0
laloietlordre-24_8fp16-g05908_2026-8-20_temoin_31711501,g05908,laloietlordre,24,8fp16,SERIE_EMISSION,2026-04-08,2026-08-20,2026-04-13,2026-04-13,2026-04-13,FAIT,FAIT,PAS_ENCORE,AI,7,47.97,user007,user011,temoin,True,True,False,True,True,DISPATCH,fr,0
laloietlordre-24_8fp13-g05905_2026-7-30_temoin_31711319,g05905,laloietlordre,24,8fp13,SERIE_EMISSION,2026-04-08,2026-07-30,2026-04-15,2026-04-16,2026-04-16,FAIT,FAIT,PAS_ENCORE,AI,7,47.08,user006,user003,temoin,True,True,False,True,True,DISPATCH,fr,0
chacal-1_8dm06-g06096_2026-7-9_addik_31627758,g06096,chacal,1,8dm06,SERIE_EMISSION,2026-04-10,2026-07-09,,,,PAS_ENCORE,PAS_ENCORE,PAS_ENCORE,,0,50.02,user006,,addik,False,False,False,False,False,DISPATCH,fr,0
laloietlordre-24_8fp14-g05906_2026-8-6_temoin_31711351,g05906,laloietlordre,24,8fp14,SERIE_EMISSION,2026-04-08,2026-08-06,2026-04-15,2026-04-16,2026-04-16,FAIT,FAIT,PAS_ENCORE,AI,6,47.43,user006,user003,temoin,True,True,False,True,True,DISPATCH,fr,0
laloietlordre-24_8fp18-g05910_2026-9-3_temoin_31711706,g05910,laloietlordre,24,8fp18,SERIE_EMISSION,2026-04-08,2026-09-03,2026-04-14,2026-04-14,2026-04-17,FAIT,FAIT,PAS_ENCORE,AI,6,48.88,user008,user011,temoin,True,True,False,True,True,DISPATCH,fr,0
laloietlordre-24_8fp17-g05909_2026-8-27_temoin_31711687,g05909,laloietlordre,24,8fp17,SERIE_EMISSION,2026-04-08,2026-08-27,2026-04-13,2026-04-13,2026-04-13,FAIT,FAIT,PAS_ENCORE,AI,6,46.18,user007,user011,temoin,True,True,False,True,True,DISPATCH,fr,0
blanca-3_303-g05874_2026-5-21_addik_31679702,g05874,blanca,3,303,SERIE_EMISSION,2026-04-15,2026-05-21,2026-04-16,2026-04-18,,EN_COURS,FAIT,PAS_ENCORE,AI,14,56.7,user008,user003,addik,False,True,False,True,True,DISPATCH,fr,0
laloietlordre-24_8fp20-g05912_2026-9-17_temoin_31711764,g05912,laloietlordre,24,8fp20,SERIE_EMISSION,2026-04-08,2026-09-17,2026-04-14,2026-04-15,2026-04-15,FAIT,FAIT,PAS_ENCORE,AI,10,45.75,user008,user010,temoin,True,True,False,True,True,DISPATCH,fr,0
empoisonnes-1_1-g06084_2026-8-12_temoin_31637681,g06084,empoisonnes,1,1,SERIE_EMISSION,2026-03-31,2026-08-12,,,,PAS_ENCORE,PAS_ENCORE,PAS_ENCORE,,0,59.43,user001,,temoin,False,False,False,False,False,DISPATCH,fr,0
laloietlordre-24_8fp19-g05911_2026-9-10_temoin_31711745,g05911,laloietlordre,24,8fp19,SERIE_EMISSION,2026-04-08,2026-09-10,2026-04-14,2026-04-15,2026-04-16,FAIT,FAIT,PAS_ENCORE,AI,12,46.77,user008,user011,temoin,True,True,False,True,True,DISPATCH,fr,0
laloietlordre-24_8fp15-g05907_2026-8-13_temoin_31711389,g05907,laloietlordre,24,8fp15,SERIE_EMISSION,2026-04-08,2026-08-13,2026-04-14,2026-04-15,2026-04-16,FAIT,FAIT,PAS_ENCORE,AI,7,47.18,user007,user011,temoin,True,True,False,True,True,DISPATCH,fr,0
ambulance-0_m9116a_2026-8-22_tva_30280931,m9116a,ambulance,,,FILM,2025-11-18,2026-08-22,,,,PAS_ENCORE,PAS_ENCORE,PAS_ENCORE,,0,138.87,user001,,tva,False,False,False,False,False,DISPATCH,fr,0
pekinexpress-20_9-g06053_2026-8-5_evasion_31620318,g06053,pekinexpress,20,9,SERIE_EMISSION,2026-03-31,2026-08-05,2026-04-11,2026-04-14,2026-04-17,FAIT,FAIT,PAS_ENCORE,AI,29,116.27,user007,user011,evasion,True,True,False,True,True,DISPATCH,fr,0
passeportgourmand-4_411-g05780_2026-6-5_zeste_31718009,g05780,passeportgourmand,4,411,SERIE_EMISSION,2026-04-09,2026-06-05,2026-04-13,2026-04-13,2026-04-13,FAIT,FAIT,PAS_ENCORE,AI,3,21.92,user008,user003,zeste,True,True,False,True,True,DISPATCH,fr,0
hpihautpotentielintellectuel-5_8-g04440_2026-8-6_addik_31033818,g04440,hpihautpotentielintellectuel,5,8,SERIE_EMISSION,2026-04-02,2026-08-06,2026-04-11,2026-04-13,2026-04-13,FAIT,FAIT,PAS_ENCORE,AI,5,69.65,user007,user003,addik,True,True,False,True,True,DISPATCH,fr,0
pekinexpress-20_11-g06055_2026-8-19_evasion_31620355,g06055,pekinexpress,20,11,SERIE_EMISSION,2026-03-31,2026-08-19,2026-04-12,2026-04-14,2026-04-13,FAIT,FAIT,PAS_ENCORE,AI,17,119.2,user006,user010,evasion,True,True,False,True,True,DISPATCH,fr,0
pornopouvoiretprofit-documentairepartie1_documentairepartie1-g05993_2026-5-27_temoin_31637609,g05993,pornopouvoiretprofit,,,SERIE_EMISSION,2026-03-31,2026-05-27,2026-04-08,2026-04-10,2026-04-13,FAIT,FAIT,PAS_ENCORE,AI,9,57.33,user001,user010,temoin,True,True,False,True,True,DISPATCH,fr,0
destrainspascommelesautres-14_1-g05962_2026-6-15_evasion_31617221,g05962,destrainspascommelesautres,14,1,SERIE_EMISSION,2026-03-31,2026-06-15,2026-04-10,2026-04-10,2026-04-13,FAIT,FAIT,PAS_ENCORE,AI,7,52.62,user001,user010,evasion,True,True,False,True,True,DISPATCH,fr,0
dreamy-1_8-g06110_2026-10-22_tva_31645345,g06110,dreamy,1,8,SERIE_EMISSION,2026-04-07,2026-10-22,2026-04-11,2026-04-13,2026-04-13,FAIT,FAIT,PAS_ENCORE,AI,10,47.32,user002,user010,tva,True,True,False,True,True,DISPATCH,fr,0
partisen60secondes-film_film-m9189a_2026-8-28_tva_31027386,m9189a,partisen60secondes,,,SERIE_EMISSION,2026-04-01,2026-08-28,,,,PAS_ENCORE,PAS_ENCORE,PAS_ENCORE,,0,114.5,user002,,tva,False,False,False,False,False,DISPATCH,fr,0
dreamy-1_2-g06104_2026-9-10_tva_31644579,g06104,dreamy,1,2,SERIE_EMISSION,2026-04-01,2026-09-10,,,,PAS_ENCORE,PAS_ENCORE,PAS_ENCORE,,0,47.28,user001,,tva,False,False,False,False,False,DISPATCH,fr,0
dreamy-1_3-g06105_2026-9-17_tva_31644793,g06105,dreamy,1,3,SERIE_EMISSION,2026-04-07,2026-09-17,,,,PAS_ENCORE,PAS_ENCORE,PAS_ENCORE,,0,47.48,user001,,tva,False,False,False,False,False,DISPATCH,fr,0
dreamy-1_4-g06106_2026-9-24_tva_31644901,g06106,dreamy,1,4,SERIE_EMISSION,2026-04-07,2026-09-24,,,,PAS_ENCORE,PAS_ENCORE,PAS_ENCORE,,0,47.33,user001,,tva,False,False,False,False,False,DISPATCH,fr,0
laloietlordre-24_8fp21-g058913_2026-9-24_temoin_31712076,g058913,laloietlordre,24,8fp21,SERIE_EMISSION,2026-04-08,2026-09-24,2026-04-14,2026-04-17,,FAIT,FAIT,PAS_ENCORE,AI,9,48.55,user008,user011,temoin,True,True,False,True,True,DISPATCH,fr,0
dreamy-1_5-g06107_2026-10-1_tva_31645061,g06107,dreamy,1,5,SERIE_EMISSION,2026-04-07,2026-10-01,,,,PAS_ENCORE,PAS_ENCORE,PAS_ENCORE,,0,47.48,user001,,tva,False,False,False,False,False,DISPATCH,fr,0
laloietlordre-24_8fp22-g05914_2026-10-1_temoin_31707226,g05914,laloietlordre,24,8fp22,SERIE_EMISSION,2026-04-07,2026-10-01,,,,PAS_ENCORE,PAS_ENCORE,PAS_ENCORE,,0,47.33,user001,,temoin,False,False,False,False,False,DISPATCH,fr,0
dreamy-1_6-g06108_2026-10-8_tva_31645139,g06108,dreamy,1,6,SERIE_EMISSION,2026-04-07,2026-10-08,,,,PAS_ENCORE,PAS_ENCORE,PAS_ENCORE,,0,47.35,user001,,tva,False,False,False,False,False,DISPATCH,fr,0
dreamy-1_7-g06109_2026-10-15_tva_31645206,g06109,dreamy,1,7,SERIE_EMISSION,2026-04-07,2026-10-15,,,,PAS_ENCORE,PAS_ENCORE,PAS_ENCORE,,0,47.17,user001,,tva,False,False,False,False,False,DISPATCH,fr,0
dreamy-1_9-g06111_2026-10-29_tva_31645509,g06111,dreamy,1,9,SERIE_EMISSION,2026-04-07,2026-10-29,2026-04-14,2026-04-14,2026-04-14,FAIT,FAIT,PAS_ENCORE,AI,7,47.48,user007,user011,tva,True,True,False,True,True,DISPATCH,fr,0
dreamy-1_10-g06112_2026-11-5_tva_31645601,g06112,dreamy,1,10,SERIE_EMISSION,2026-04-07,2026-11-05,2026-04-14,2026-04-15,2026-04-16,FAIT,FAIT,PAS_ENCORE,AI,9,47.4,user007,user011,tva,True,True,False,True,True,DISPATCH,fr,0
affrontementsurlaplage-1_1-g05354_2026-5-6_casa_31728285,g05354,affrontementsurlaplage,1,1,SERIE_EMISSION,2026-04-10,2026-05-06,2026-04-13,2026-04-13,2026-04-14,FAIT,FAIT,PAS_ENCORE,AI,11,66.02,user002,user011,casa,True,True,False,True,True,DISPATCH,fr,0
blanca-3_301-g05872_2026-5-7_addik_31670565,g05872,blanca,3,301,SERIE_EMISSION,2026-04-15,2026-05-07,2026-04-18,,,PAS_ENCORE,FAIT,PAS_ENCORE,AI,10,49.87,user006,,addik,False,True,False,True,True,DISPATCH,fr,0
renosscrappees-5_509-g05565_2026-5-6_casa_31730532,g05565,renosscrappees,5,509,SERIE_EMISSION,2026-04-13,2026-05-06,2026-04-14,2026-04-15,,FAIT,FAIT,PAS_ENCORE,AI,4,44.2,user007,user010,casa,True,True,False,True,True,DISPATCH,fr,0
inscriptionmillionnairela-14_1404-g06120_2026-6-13_casa_31730549,g06120,inscriptionmillionnairela,14,1404,SERIE_EMISSION,2026-04-13,2026-06-13,2026-04-14,2026-04-14,2026-04-15,FAIT,FAIT,PAS_ENCORE,AI,4,45.18,user008,user011,casa,True,True,False,True,True,DISPATCH,fr,0
inscriptionmillionnairela-14_1405-g06121_2026-6-23_casa_31730516,g06121,inscriptionmillionnairela,14,1405,SERIE_EMISSION,2026-04-13,2026-06-23,2026-04-16,2026-04-17,2026-04-17,FAIT,FAIT,PAS_ENCORE,AI,6,45.2,user002,user011,casa,True,True,False,True,True,DISPATCH,fr,0
auborddelacatastrophe-1_1newyork-g05956_2149-12-25_evasion_31617241,g05956,auborddelacatastrophe,1,1newyork,SERIE_EMISSION,2026-04-14,2149-12-25,,,,PAS_ENCORE,PAS_ENCORE,PAS_ENCORE,,0,44.58,user001,,evasion,False,False,False,False,False,DISPATCH,fr,0
jaisurvecuauntueur-2_204-g05725_2026-4-21_temoin_31734904,g05725,jaisurvecuauntueur,2,204,SERIE_EMISSION,2026-04-14,2026-04-21,2026-04-15,2026-04-16,2026-04-17,FAIT,FAIT,PAS_ENCORE,AI,16,45.73,user007,user011,temoin,True,True,False,True,True,DISPATCH,fr,0
top10dessecretsetmysteres-1_5-g05734_2026-5-5_evasion_31734872,g05734,top10dessecretsetmysteres,1,5,SERIE_EMISSION,2026-04-14,2026-05-05,,,,PAS_ENCORE,PAS_ENCORE,PAS_ENCORE,,0,24.28,user002,,evasion,False,False,False,False,False,DISPATCH,fr,0
aloneaustralielessurvivants-2_217-g05828_2026-5-13_evasion_31734855,g05828,aloneaustralielessurvivants,2,217,SERIE_EMISSION,2026-04-14,2026-05-13,2026-04-15,2026-04-16,2026-04-17,FAIT,FAIT,PAS_ENCORE,AI,16,51.18,user007,user011,evasion,True,True,False,True,True,DISPATCH,fr,0
blanca-3_302-g05873_2026-5-14_addik_31679641,g05873,blanca,3,302,SERIE_EMISSION,2026-04-15,2026-05-14,2026-04-16,2026-04-17,2026-04-17,FAIT,FAIT,PAS_ENCORE,AI,18,53.88,user002,user003,addik,True,True,False,True,True,DISPATCH,fr,0
batiraveclesbaeumler-1_5-g05948_2026-6-4_casa_31734888,g05948,batiraveclesbaeumler,1,5,SERIE_EMISSION,2026-04-14,2026-06-04,2026-04-15,2026-04-16,2026-04-16,FAIT,FAIT,PAS_ENCORE,AI,5,45.23,user006,user010,casa,True,True,False,True,True,DISPATCH,fr,0
couplestueurs-13_1306-g05542_2026-4-15_temoin_31740077,g05542,couplestueurs,13,1306,SERIE_EMISSION,2026-04-15,2026-04-15,2026-04-15,2026-04-16,2026-04-16,FAIT,FAIT,PAS_ENCORE,AI,14,44.57,user007,user010,temoin,True,True,False,True,True,DISPATCH,fr,0
aboutdesouffle-0_m9264a_2026-4-12_evasion_31352257,m9264a,aboutdesouffle,,,FILM,2026-04-15,2026-04-12,2026-04-16,2026-04-16,2026-04-16,FAIT,FAIT,PAS_ENCORE,AI,16,91.73,user006,user003,evasion,True,True,False,True,True,DISPATCH,fr,0
nordetsud-1_1-g06057_2026-4-27_prise2_31738417,g06057,nordetsud,1,1,SERIE_EMISSION,2026-04-15,2026-04-27,2026-04-16,2026-04-18,,EN_COURS,FAIT,PAS_ENCORE,AI,18,50.95,user008,user003,prise2,False,True,False,True,True,DISPATCH,fr,0
blanca-3_304-g05875_2026-5-28_addik_31679726,g05875,blanca,3,304,SERIE_EMISSION,2026-04-15,2026-05-28,2026-04-16,2026-04-17,2026-04-17,FAIT,FAIT,PAS_ENCORE,AI,13,49.7,user002,user003,addik,True,True,False,True,True,DISPATCH,fr,0
blanca-3_305-g05876_2026-6-4_addik_31679745,g05876,blanca,3,305,SERIE_EMISSION,2026-04-15,2026-06-04,,,,PAS_ENCORE,PAS_ENCORE,PAS_ENCORE,,0,44.65,user008,,addik,False,False,False,False,False,DISPATCH,fr,0
blanca-3_306-g05877_2026-6-11_addik_31679789,g05877,blanca,3,306,SERIE_EMISSION,2026-04-15,2026-06-11,,,,PAS_ENCORE,PAS_ENCORE,PAS_ENCORE,,0,53.48,user001,,addik,False,False,False,False,False,DISPATCH,fr,0
blanca-3_309-g05880_2026-7-2_addik_31679859,g05880,blanca,3,309,SERIE_EMISSION,2026-04-15,2026-07-02,2026-04-16,2026-04-16,,FAIT,FAIT,PAS_ENCORE,AI,11,51.1,user007,user003,addik,True,True,False,True,True,DISPATCH,fr,0
blanca-3_307-g05878_2026-6-18_addik_31679825,g05878,blanca,3,307,SERIE_EMISSION,2026-04-15,2026-06-18,,,,PAS_ENCORE,PAS_ENCORE,PAS_ENCORE,,0,46.53,user001,,addik,False,False,False,False,False,DISPATCH,fr,0
blanca-3_308-g05879_2026-6-25_addik_31679843,g05879,blanca,3,308,SERIE_EMISSION,2026-04-15,2026-06-25,2026-04-18,,,PAS_ENCORE,FAIT,PAS_ENCORE,AI,7,53.95,user006,,addik,False,True,False,True,True,DISPATCH,fr,0
blanca-3_310-g05881_2026-7-9_addik_31679885,g05881,blanca,3,310,SERIE_EMISSION,2026-04-15,2026-07-09,,,,PAS_ENCORE,PAS_ENCORE,PAS_ENCORE,,0,60.88,user006,,addik,False,False,False,False,False,DISPATCH,fr,0
chacal-1_8dm07-g06097_2026-7-16_addik_31627945,g06097,chacal,1,8dm07,SERIE_EMISSION,2026-04-10,2026-07-16,,,,PAS_ENCORE,PAS_ENCORE,PAS_ENCORE,,0,46.32,user001,,addik,False,False,False,False,False,DISPATCH,fr,0
blanca-3_311-g05882_2026-7-16_addik_31679902,g05882,blanca,3,311,SERIE_EMISSION,2026-04-15,2026-07-16,,,,PAS_ENCORE,PAS_ENCORE,PAS_ENCORE,,0,53.18,user007,,addik,False,False,False,False,False,DISPATCH,fr,0
affrontementausupermarche-6_601-g06031_2026-5-6_zeste_31745134,g06031,affrontementausupermarche,6,601,SERIE_EMISSION,2026-04-16,2026-05-06,,,,PAS_ENCORE,PAS_ENCORE,PAS_ENCORE,,0,43.1,user008,,zeste,False,False,False,False,False,DISPATCH,fr,0
joshgatestraqueurdemysteres-9_8-g06272_2149-12-25_evasion_31739522,g06272,joshgatestraqueurdemysteres,9,8,SERIE_EMISSION,2026-04-15,2149-12-25,2026-04-16,2026-04-16,2026-04-16,FAIT,FAIT,PAS_ENCORE,AI,4,45.07,user007,user003,evasion,True,True,False,True,True,DISPATCH,fr,0
blanca-3_312-g05883_2026-7-23_addik_31679920,g05883,blanca,3,312,SERIE_EMISSION,2026-04-15,2026-07-23,,,,PAS_ENCORE,PAS_ENCORE,PAS_ENCORE,,0,53.72,user007,,addik,False,False,False,False,False,DISPATCH,fr,0
aloneaustralielessurvivants-2_219-g05830_2026-5-27_evasion_31745039,g05830,aloneaustralielessurvivants,2,219,SERIE_EMISSION,2026-04-16,2026-05-27,2026-04-18,2026-04-18,,FAIT,FAIT,PAS_ENCORE,AI,17,51.8,user002,user003,evasion,True,True,False,True,True,DISPATCH,fr,0
nordetsud-1_2-g06058_2149-12-25_prise2_31738820,g06058,nordetsud,1,2,SERIE_EMISSION,2026-04-15,2149-12-25,,,,PAS_ENCORE,PAS_ENCORE,PAS_ENCORE,,0,45.92,user001,,prise2,False,False,False,False,False,DISPATCH,fr,0
joshgatestraqueurdemysteres-9_10-g06274_2149-12-25_evasion_31739613,g06274,joshgatestraqueurdemysteres,9,10,SERIE_EMISSION,2026-04-15,2149-12-25,2026-04-18,,,PAS_ENCORE,FAIT,PAS_ENCORE,AI,5,44.72,user002,,evasion,False,True,False,True,True,DISPATCH,fr,0
joshgatestraqueurdemysteres-9_11-g06275_2149-12-25_evasion_31739632,g06275,joshgatestraqueurdemysteres,9,11,SERIE_EMISSION,2026-04-15,2149-12-25,2026-04-18,,,PAS_ENCORE,FAIT,PAS_ENCORE,AI,5,45.1,user002,,evasion,False,True,False,True,True,DISPATCH,fr,0
joshgatestraqueurdemysteres-9_9-g06273_2149-12-25_evasion_31739569,g06273,joshgatestraqueurdemysteres,9,9,SERIE_EMISSION,2026-04-15,2149-12-25,,,,PAS_ENCORE,PAS_ENCORE,PAS_ENCORE,,0,44.93,user001,,evasion,False,False,False,False,False,DISPATCH,fr,0
leskrishnasgurukarmaetmeurtre-1_2-g05493_2026-7-22_temoin_31392023,g05493,leskrishnasgurukarmaetmeurtre,1,2,SERIE_EMISSION,2026-04-15,2026-07-22,,,,PAS_ENCORE,PAS_ENCORE,PAS_ENCORE,,0,53.5,user001,,temoin,False,False,False,False,False,DISPATCH,fr,0
joshgatestraqueurdemysteres-9_2-g06266_2149-12-25_evasion_31738664,g06266,joshgatestraqueurdemysteres,9,2,SERIE_EMISSION,2026-04-15,2149-12-25,2026-04-18,2026-04-18,,FAIT,FAIT,PAS_ENCORE,AI,3,45.08,user007,user003,evasion,True,True,False,True,True,DISPATCH,fr,0
joshgatestraqueurdemysteres-9_5-g06269_2149-12-25_evasion_31739329,g06269,joshgatestraqueurdemysteres,9,5,SERIE_EMISSION,2026-04-15,2149-12-25,,,,PAS_ENCORE,PAS_ENCORE,PAS_ENCORE,,0,45.1,user006,,evasion,False,False,False,False,False,DISPATCH,fr,0
lemondesecretdesincels-0_g04731_2026-6-24_temoin_31097975,g04731,lemondesecretdesincels,,,FILM,2026-04-15,2026-06-24,,,,PAS_ENCORE,PAS_ENCORE,PAS_ENCORE,,0,47.8,user007,,temoin,False,False,False,False,False,DISPATCH,fr,0
joshgatestraqueurdemysteres-9_12-g06276_2149-12-25_evasion_31739660,g06276,joshgatestraqueurdemysteres,9,12,SERIE_EMISSION,2026-04-15,2149-12-25,,,,PAS_ENCORE,PAS_ENCORE,PAS_ENCORE,,0,45.02,user006,,evasion,False,False,False,False,False,DISPATCH,fr,0
lemythedutueurduzodiaque-1_2-g05496_2026-6-24_temoin_31391831,g05496,lemythedutueurduzodiaque,1,2,SERIE_EMISSION,2026-04-15,2026-06-24,2026-04-17,2026-04-17,,FAIT,FAIT,PAS_ENCORE,AI,18,71.07,user002,user011,temoin,True,True,False,True,True,DISPATCH,fr,0
lemythedutueurduzodiaque-1_1-g05495_2026-6-24_temoin_31391815,g05495,lemythedutueurduzodiaque,1,1,SERIE_EMISSION,2026-04-15,2026-06-24,,,,PAS_ENCORE,PAS_ENCORE,PAS_ENCORE,,0,61.38,user007,,temoin,False,False,False,False,False,DISPATCH,fr,0
thesocialmediamurder-0_m9209a_2026-6-24_temoin_31072384,m9209a,thesocialmediamurder,,,FILM,2026-04-15,2026-06-24,2026-04-17,2026-04-17,2026-04-17,FAIT,FAIT,PAS_ENCORE,AI,15,46.47,user002,user011,temoin,True,True,False,True,True,DISPATCH,fr,0
leskrishnasgurukarmaetmeurtre-1_3-g05494_2026-7-22_temoin_31392041,g05494,leskrishnasgurukarmaetmeurtre,1,3,SERIE_EMISSION,2026-04-15,2026-07-22,,,,PAS_ENCORE,PAS_ENCORE,PAS_ENCORE,,0,54.0,user007,,temoin,False,False,False,False,False,DISPATCH,fr,0
leskrishnasgurukarmaetmeurtre-1_1-g05492_2026-7-22_temoin_31392005,g05492,leskrishnasgurukarmaetmeurtre,1,1,SERIE_EMISSION,2026-04-15,2026-07-22,2026-04-18,,,PAS_ENCORE,FAIT,PAS_ENCORE,AI,25,52.67,user002,,temoin,False,True,False,True,True,DISPATCH,fr,0
chacal-1_8dm08-g06098_2026-7-23_addik_31628013,g06098,chacal,1,8dm08,SERIE_EMISSION,2026-04-10,2026-07-23,,,,PAS_ENCORE,PAS_ENCORE,PAS_ENCORE,,0,48.2,user001,,addik,False,False,False,False,False,DISPATCH,fr,0
girlsgonewildlhistoireinedite-1_2-g05499_2026-7-29_temoin_31393767,g05499,girlsgonewildlhistoireinedite,1,2,SERIE_EMISSION,2026-04-15,2026-07-29,,,,PAS_ENCORE,PAS_ENCORE,PAS_ENCORE,,0,59.42,user007,,temoin,False,False,False,False,False,DISPATCH,fr,0
girlsgonewildlhistoireinedite-1_1-g05498_2026-7-29_temoin_31393750,g05498,girlsgonewildlhistoireinedite,1,1,SERIE_EMISSION,2026-04-15,2026-07-29,2026-04-17,2026-04-18,,FAIT,FAIT,PAS_ENCORE,AI,41,52.98,user002,user003,temoin,True,True,False,True,True,DISPATCH,fr,0
girlsgonewildlhistoireinedite-1_3-g05500_2026-7-29_temoin_31393783,g05500,girlsgonewildlhistoireinedite,1,3,SERIE_EMISSION,2026-04-15,2026-07-29,,,,PAS_ENCORE,PAS_ENCORE,PAS_ENCORE,,0,59.62,user008,,temoin,False,False,False,False,False,DISPATCH,fr,0
chacal-1_8dm09-g06099_2026-7-30_addik_31628489,g06099,chacal,1,8dm09,SERIE_EMISSION,2026-04-10,2026-07-30,,,,PAS_ENCORE,PAS_ENCORE,PAS_ENCORE,,0,47.83,user001,,addik,False,False,False,False,False,DISPATCH,fr,0
chacal-1_8dm10-g06100_2026-8-6_addik_31626218,g06100,chacal,1,8dm10,SERIE_EMISSION,2026-04-10,2026-08-06,,,,PAS_ENCORE,PAS_ENCORE,PAS_ENCORE,,0,62.08,user008,,addik,False,False,False,False,False,DISPATCH,fr,0
joshgatestraqueurdemysteres-9_4-g06268_2149-12-25_evasion_31739078,g06268,joshgatestraqueurdemysteres,9,4,SERIE_EMISSION,2026-04-15,2149-12-25,,,,PAS_ENCORE,PAS_ENCORE,PAS_ENCORE,,0,44.83,user007,,evasion,False,False,False,False,False,DISPATCH,fr,0
joshgatestraqueurdemysteres-9_6-g06270_2149-12-25_evasion_31739405,g06270,joshgatestraqueurdemysteres,9,6,SERIE_EMISSION,2026-04-15,2149-12-25,,,,PAS_ENCORE,PAS_ENCORE,PAS_ENCORE,,0,44.95,user007,,evasion,False,False,False,False,False,DISPATCH,fr,0
roadtripsrestosetrelais-36_3610-g05805_2026-6-12_zeste_31744867,g05805,roadtripsrestosetrelais,36,3610,SERIE_EMISSION,2026-04-16,2026-06-12,2026-04-17,2026-04-17,2026-04-17,FAIT,FAIT,PAS_ENCORE,AI,3,22.02,user008,user003,zeste,True,True,False,True,True,DISPATCH,fr,0
roadtripsrestosetrelais-36_3612-g05807_2026-6-26_zeste_31745074,g05807,roadtripsrestosetrelais,36,3612,SERIE_EMISSION,2026-04-16,2026-06-26,2026-04-17,2026-04-17,2026-04-17,FAIT,FAIT,PAS_ENCORE,AI,4,22.02,user008,user003,zeste,True,True,False,True,True,DISPATCH,fr,0
roadtripsrestosetrelais-36_3611-g05806_2026-6-19_zeste_31744883,g05806,roadtripsrestosetrelais,36,3611,SERIE_EMISSION,2026-04-16,2026-06-19,2026-04-17,2026-04-17,2026-04-17,FAIT,FAIT,PAS_ENCORE,AI,4,22.02,user008,user003,zeste,True,True,False,True,True,DISPATCH,fr,0
labatailledesburgers-1_1004-g06146_2026-6-18_zeste_31745057,g06146,labatailledesburgers,1,1004,SERIE_EMISSION,2026-04-16,2026-06-18,2026-04-17,2026-04-17,2026-04-17,FAIT,FAIT,PAS_ENCORE,AI,7,45.23,user008,user003,zeste,True,True,False,True,True,DISPATCH,fr,0
joshgatestraqueurdemysteres-9_7-g06271_2149-12-25_evasion_31739468,g06271,joshgatestraqueurdemysteres,9,7,SERIE_EMISSION,2026-04-15,2149-12-25,2026-04-17,2026-04-17,2026-04-17,FAIT,FAIT,PAS_ENCORE,AI,6,44.88,user008,user003,evasion,True,True,False,True,True,DISPATCH,fr,0
joshgatestraqueurdemysteres-9_3-g06267_2149-12-25_evasion_31738890,g06267,joshgatestraqueurdemysteres,9,3,SERIE_EMISSION,2026-04-15,2149-12-25,,,,PAS_ENCORE,PAS_ENCORE,PAS_ENCORE,,0,44.82,user001,,evasion,False,False,False,False,False,DISPATCH,fr,0
auborddelacatastrophe-1_4californie-g05959_2149-12-25_evasion_31617457,g05959,auborddelacatastrophe,1,4californie,SERIE_EMISSION,2026-04-15,2149-12-25,,,,PAS_ENCORE,PAS_ENCORE,PAS_ENCORE,,0,44.58,user007,,evasion,False,False,False,False,False,DISPATCH,fr,0
auborddelacatastrophe-1_5miami-g05960_2149-12-25_evasion_31617600,g05960,auborddelacatastrophe,1,5miami,SERIE_EMISSION,2026-04-15,2149-12-25,,,,PAS_ENCORE,PAS_ENCORE,PAS_ENCORE,,0,44.58,user001,,evasion,False,False,False,False,False,DISPATCH,fr,0
auborddelacatastrophe-1_3californie-g05958_2149-12-25_evasion_31617347,g05958,auborddelacatastrophe,1,3californie,SERIE_EMISSION,2026-04-15,2149-12-25,2026-04-18,,,PAS_ENCORE,FAIT,PAS_ENCORE,AI,4,44.58,user002,,evasion,False,True,False,True,True,DISPATCH,fr,0
auborddelacatastrophe-1_2newyork-g05957_2149-12-25_evasion_31617302,g05957,auborddelacatastrophe,1,2newyork,SERIE_EMISSION,2026-04-15,2149-12-25,,,,PAS_ENCORE,PAS_ENCORE,PAS_ENCORE,,0,44.58,user001,,evasion,False,False,False,False,False,DISPATCH,fr,0
meurtressousloreiller-1_103-g06280_2026-7-8_temoin_31743330,g06280,meurtressousloreiller,1,103,SERIE_EMISSION,2026-04-16,2026-07-08,,,,PAS_ENCORE,PAS_ENCORE,PAS_ENCORE,,0,51.73,user006,,temoin,False,False,False,False,False,DISPATCH,fr,0
meurtressousloreiller-1_101-g06278_2026-7-8_temoin_31743156,g06278,meurtressousloreiller,1,101,SERIE_EMISSION,2026-04-16,2026-07-08,,,,PAS_ENCORE,PAS_ENCORE,PAS_ENCORE,,0,56.07,user006,,temoin,False,False,False,False,False,DISPATCH,fr,0
meurtressousloreiller-1_102-g06279_2026-7-8_temoin_31743242,g06279,meurtressousloreiller,1,102,SERIE_EMISSION,2026-04-16,2026-07-08,,,,PAS_ENCORE,PAS_ENCORE,PAS_ENCORE,,0,62.82,user008,,temoin,False,False,False,False,False,DISPATCH,fr,0
renosscrappees-5_510-g05566_2026-5-13_casa_31750346,g05566,renosscrappees,5,510,SERIE_EMISSION,2026-04-17,2026-05-13,,,,PAS_ENCORE,PAS_ENCORE,PAS_ENCORE,,0,44.2,user008,,casa,False,False,False,False,False,DISPATCH,fr,0
joyridegalereenserie-0_m9107a_2026-4-19_tva_30217864,m9107a,joyridegalereenserie,,,FILM,2026-04-17,2026-04-19,2026-04-18,2026-04-18,,FAIT,FAIT,PAS_ENCORE,AI,20,95.38,user002,user003,tva,True,True,False,True,True,DISPATCH,fr,0
petitbudgetgrandsprojets-1_5-g05858_2026-6-25_casa_31745092,g05858,petitbudgetgrandsprojets,1,5,SERIE_EMISSION,2026-04-17,2026-06-25,2026-04-17,2026-04-17,2026-04-17,FAIT,FAIT,PAS_ENCORE,AI,6,45.2,user002,user011,casa,True,True,False,True,True,DISPATCH,fr,0
